sis_id,Prompt,student_response,Score,Correctly states that frequency is proportional to energy of light,Explaining sentence 1: energy levels of an electron in an atom are quantized,Explaining sentence 1: FULLY explains energy/frequency absorbed must equal the difference in energy levels in an electron,Explaining sentence 1: PARTIALLY explains energy/frequency absorbed must equal the difference in energy levels in an electron,Explaining sentence 2: a minimum amount of energy is needed to eject an electron,Explaining sentence 2: any additional energy becomes kinetic energy,Incorrect statement included,Incorrect,Blank,Adjustment,Comments,question_id,reasoning
302c6682-98b6-4726-95cd-9813a4bcc19d,"416347: In each statement below (a-c), two observations are given which seem to contrast with each other. Using your knowledge of electron configurations, orbitals, Coulomb's law, and/or atomic and molecular structures, briefly explain why both of these observations are true, and how the two observations can be reconciled in each case. b) If light is used to excite an electron to a higher energy level in an atom, only certain frequencies of light can be absorbed. However, if it is used to eject an electron from the atom, any value above a minimum threshold frequency can be absorbed. This question can be answered reasonably in around 150 words or fewer.",This is due to the fact that if it is used to excite an electron we only have the energy depending on where that electron is while if we use it to eject an electron then the atom is given all the energy of that electron and now can absorb any value above the minimum threshold.,2.0,,,,,,,,,,,The electron absorbs the energy from the added light. If the frequency of the light exceeds the minimum threshold then it will be ejected,Q2,"PHASE 1 - DEDUCTIVE REASONING: The essay lacks completeness and accuracy, as it does not clearly explain the concepts of electron excitation and ejection in relation to energy levels and threshold frequencies. The reasoning is superficial and does not demonstrate depth, as it fails to adequately reconcile the two observations. Communication is unclear, with vague phrasing that does not effectively convey the scientific principles involved. There is no evidence-based conclusion provided.

PHASE 2 - ABDUCTIVE REASONING: The essay reveals a limited understanding of the principles of electron configurations and energy absorption. The most likely level of mastery is low, as the explanation does not accurately reflect the scientific concepts required to reconcile the observations. The score that best explains the observed quality is a 2, indicating minimal understanding and reasoning.

SCORE: 2"
9b1b388c-a5b6-4d39-8926-1fdeeac9d4a2,"416347: In each statement below (a-c), two observations are given which seem to contrast with each other. Using your knowledge of electron configurations, orbitals, Coulomb's law, and/or atomic and molecular structures, briefly explain why both of these observations are true, and how the two observations can be reconciled in each case. b) If light is used to excite an electron to a higher energy level in an atom, only certain frequencies of light can be absorbed. However, if it is used to eject an electron from the atom, any value above a minimum threshold frequency can be absorbed. This question can be answered reasonably in around 150 words or fewer.","If light is being used to excite an electron only certain frequencies can be absorbed because these frequencies have the energy needed to emit a photon. Each element has a different range of these frequencies of light that make them distinguishable. These can be seen through electron spectroscopy.

However ejecting an electron from an atom only requires a minimum threshold frequency because from Moseley's experiment we were able to determine that electrons must have a certain frequency to eject when looking at the intensity vs KE graph.Â  This means that after a certain point, no matter high your frequency is the emitted electron will emit an electron of the same energy.Â ",5.0,,,,,,,,,,,emitted electrons do not emit photons, photons are emitted when electrons fall back down to lower energy levels,"PHASE 1 - DEDUCTIVE REASONING:
The essay addresses the prompt by explaining the contrasting observations regarding electron excitation and ejection. It demonstrates completeness by covering both aspects of the question, and accuracy is mostly maintained, although there are minor inaccuracies in phrasing (e.g., ""emit a photon"" should refer to the absorption of energy rather than emission). The depth of reasoning is moderate, as it references Moseley's experiment but lacks a thorough explanation of the concepts involved. Communication is generally clear, but some sentences are awkwardly structured, which may hinder understanding. Evidence is provided through references to spectroscopy and Moseley's experiment, but the connection could be clearer.

PHASE 2 - ABDUCTIVE REASONING:
The essay reveals a basic understanding of electron behavior in response to light, indicating a foundational grasp of atomic theory. The most likely level of mastery appears to be intermediate, as the student can articulate key concepts but does not fully elaborate on them or clarify the relationships between them. The score that best explains the observed quality, considering the strengths and weaknesses, would be a 5.

SCORE: 5"
347c5e72-2d32-42f7-8059-bc45cc71f78c,"416347: In each statement below (a-c), two observations are given which seem to contrast with each other. Using your knowledge of electron configurations, orbitals, Coulomb's law, and/or atomic and molecular structures, briefly explain why both of these observations are true, and how the two observations can be reconciled in each case. b) If light is used to excite an electron to a higher energy level in an atom, only certain frequencies of light can be absorbed. However, if it is used to eject an electron from the atom, any value above a minimum threshold frequency can be absorbed. This question can be answered reasonably in around 150 words or fewer.","Based off of atomic emission data, since only certain wavelengths of light can be emitted, this indicates that only certain energy transitions possible. Since only energy losses are quantized, when exciting an electron to a higher energy level, only certain frequencies of light can be absorbed.Â 

However, when ejecting an electron the electron no longer stays within the atom and thus do not have to have quantized energy transitions. As long as the threshold frequency is met, the electron can be ionized and ejected from the atom. Any value above the threshold frequency will still eject the electron, but for exciting an electron to a higher energy level a higher frequency may cause the electron to reach past the desired energy level.",4.0,,,,,,,,,,,,Q2,"PHASE 1 - DEDUCTIVE REASONING:
The essay demonstrates a reasonable understanding of the concepts of electron excitation and ionization, addressing the prompt's requirements for completeness and accuracy. However, it lacks depth in explaining the reconciliation of the two observations, and the communication is somewhat unclear due to awkward phrasing and grammatical issues. The conclusions drawn are based on evidence from atomic theory but could benefit from clearer articulation.

PHASE 2 - ABDUCTIVE REASONING:
The essay reveals a basic understanding of atomic structure and the principles of electron behavior under different conditions. The mastery level appears to be moderate, as the student grasps the fundamental concepts but struggles with clarity and depth of explanation. The most likely score that reflects the observed quality of the essay is a 4, indicating a competent but not fully developed response.

SCORE: 4"
efed073e-e575-467d-b4d4-bef6a057b9f9,"416347: In each statement below (a-c), two observations are given which seem to contrast with each other. Using your knowledge of electron configurations, orbitals, Coulomb's law, and/or atomic and molecular structures, briefly explain why both of these observations are true, and how the two observations can be reconciled in each case. b) If light is used to excite an electron to a higher energy level in an atom, only certain frequencies of light can be absorbed. However, if it is used to eject an electron from the atom, any value above a minimum threshold frequency can be absorbed. This question can be answered reasonably in around 150 words or fewer.","b) We know that atoms can only absorb specific amounts of energy because the photoemission spectra of atoms show specific wavelengths of light which correspond to specific energy level transitions in the atom, and electrons move from one specific energy level to a higher one when excited. Since energy depends on the frequency of light, this means that atoms can only absorb certain frequencies for its electrons to be excited. To eject an electron means to take it completely out of the atom, so this requires an amount of energy that is equal to or above the IE of the electron in order to overcome the nuclear charge of the atom and be in free space. As a result, any amount of energy above the IE would eject an electron from the atom, so any light with a frequency above the threshold frequency for the IE would eject the electron.",6.0,,,,,,,,,,,,Q2,"PHASE 1 - DEDUCTIVE REASONING: The essay demonstrates completeness and accuracy by addressing both observations regarding electron excitation and ejection. It provides a clear explanation of the relationship between energy, frequency, and electron behavior, fulfilling the depth of reasoning expectations. The communication is mostly clear, though slightly convoluted in phrasing. The conclusions drawn are evidence-based, referencing ionization energy and specific energy level transitions.

PHASE 2 - ABDUCTIVE REASONING: The essay reveals a solid understanding of atomic behavior and the principles of electron configurations. The mastery level appears to be intermediate, as the explanation is mostly accurate but could benefit from clearer articulation. The score that best explains the observed quality is a 6, reflecting good comprehension with minor issues in clarity.

SCORE: 6"
1989a9b7-e3e2-4ee4-81e4-7180452b0f13,"416347: In each statement below (a-c), two observations are given which seem to contrast with each other. Using your knowledge of electron configurations, orbitals, Coulomb's law, and/or atomic and molecular structures, briefly explain why both of these observations are true, and how the two observations can be reconciled in each case. b) If light is used to excite an electron to a higher energy level in an atom, only certain frequencies of light can be absorbed. However, if it is used to eject an electron from the atom, any value above a minimum threshold frequency can be absorbed. This question can be answered reasonably in around 150 words or fewer.","Light is in little energy packets called photons, which are quantized, and the frequency of light is directly related to the energy of light, meaning only certain energies of light can be absorbed to excite an electron to a higher energy level is a valid statement. This is because for the electrons to get excited and move to a higher energy level they need a specific energy to be absorbed to push them further away from the pull of the nucleus. However, for an electron to be ejected from the atom the energy needed to be absorbed only needs to overcome the ionization energy for that electron, which means any energy above the minimum threshold ionization energy, or frequency, will work in ejecting the electron from the atom.Â ",5.0,,,,,,,,,,,,Q2,"PHASE 1 - DEDUCTIVE REASONING: The essay demonstrates completeness by addressing both observations and providing a clear explanation of the concepts involved. The accuracy of the statements regarding photon energy, electron excitation, and ionization energy is correct. However, the depth of reasoning could be improved with more detailed connections to Coulomb's law and atomic structure. Communication is mostly clear, but some sentences are slightly convoluted, affecting clarity. Overall, the essay meets the basic requirements but lacks depth.

PHASE 2 - ABDUCTIVE REASONING: The essay reveals a solid understanding of the fundamental concepts of electron excitation and ionization. The most likely level of mastery is intermediate, as the student grasps the essential ideas but does not fully explore the implications or connections to broader principles. The score that best explains the observed quality is a 5, reflecting a competent but not fully developed response.

SCORE: 5"
0d99e3c1-84f8-4127-90df-112b60e04fcd,"416347: In each statement below (a-c), two observations are given which seem to contrast with each other. Using your knowledge of electron configurations, orbitals, Coulomb's law, and/or atomic and molecular structures, briefly explain why both of these observations are true, and how the two observations can be reconciled in each case. b) If light is used to excite an electron to a higher energy level in an atom, only certain frequencies of light can be absorbed. However, if it is used to eject an electron from the atom, any value above a minimum threshold frequency can be absorbed. This question can be answered reasonably in around 150 words or fewer.","When light is used to excite an electron, only certain frequencies of light can be absorbed. This is true. Only certain frequencies of light will be emitted from these atoms as well. Each frequency corresponds to a different change in energy. This tells us that electrons are only able to exist at certain energy levels.Â 

When used in the photoelectric effect, we notice that the frequency of a photon is proportional to its energy. Since ionization energy is a threshold value ( a minimum), once the frequency is enough that is meets the Â that value, an electron can be ionized.Â 

The difference is that in electron emission, energy levels correspond to specific frequencies and not base values.Â ",4.0,,,,,,,,,,,,Q2,"PHASE 1 - DEDUCTIVE REASONING:
The essay demonstrates a basic understanding of the concepts of electron excitation and the photoelectric effect, but it lacks completeness and clarity. The explanation of why only certain frequencies can be absorbed during excitation is vague and does not adequately address the reconciliation of the two observations. The communication is somewhat unclear, and the reasoning lacks depth, particularly in connecting the two observations effectively. Evidence-based conclusions are not sufficiently supported.

PHASE 2 - ABDUCTIVE REASONING:
The essay reveals a limited understanding of the relationship between light frequencies and electron behavior. The mastery level appears to be basic, as the author identifies key concepts but fails to fully articulate the reconciliation of the observations. The score that best explains the observed quality is likely a 4, indicating a basic grasp of the material but with significant room for improvement in clarity and depth.

SCORE: 4"
42552590-50e1-4d59-ae4c-ce052bf054a1,"416347: In each statement below (a-c), two observations are given which seem to contrast with each other. Using your knowledge of electron configurations, orbitals, Coulomb's law, and/or atomic and molecular structures, briefly explain why both of these observations are true, and how the two observations can be reconciled in each case. b) If light is used to excite an electron to a higher energy level in an atom, only certain frequencies of light can be absorbed. However, if it is used to eject an electron from the atom, any value above a minimum threshold frequency can be absorbed. This question can be answered reasonably in around 150 words or fewer.","The energy levels of an electron are quantized, meaning its energy can only exist at distinct and discrete values. Likewise, the differences between these values (i.e., moving between them) are also discrete. However, to completely eject it means to remove it from the energy levels that are bound to that atom. Therefore, you only need to provide the minimum amount of force, and that electron is free from that atom.",4.0,,,,,,,,,,,,Q2,"PHASE 1 - DEDUCTIVE REASONING: The essay addresses the prompt by discussing the quantization of energy levels and the distinction between excitation and ejection of electrons. However, it lacks depth in explaining how both observations can be reconciled and does not clearly communicate the relationship between the two phenomena. The completeness and accuracy requirements are partially met, but the reasoning is not sufficiently deep or clear.

PHASE 2 - ABDUCTIVE REASONING: The essay reveals a basic understanding of electron behavior and energy levels but lacks a comprehensive explanation of the reconciliation between the two observations. The most likely level of mastery is intermediate, as the author demonstrates some knowledge but fails to fully articulate the connections. The score that best explains the observed quality is a 4, indicating a fair but incomplete response.

SCORE: 4"
4b7207ef-491c-4ec6-b8b0-3d01774fc36f,"416347: In each statement below (a-c), two observations are given which seem to contrast with each other. Using your knowledge of electron configurations, orbitals, Coulomb's law, and/or atomic and molecular structures, briefly explain why both of these observations are true, and how the two observations can be reconciled in each case. b) If light is used to excite an electron to a higher energy level in an atom, only certain frequencies of light can be absorbed. However, if it is used to eject an electron from the atom, any value above a minimum threshold frequency can be absorbed. This question can be answered reasonably in around 150 words or fewer.","Light is inherently a quantized substance that comes in discrete packets, and within an atom, the electrons can only exist on explicit energy levels. Therefore, the light that is used to excite an electron must be of a specific frequency (and therefore a specific energy) in order to excite that electron to the exact level of a higher energy state. In the case of ejecting electrons completely, however, the only goal is to have enough energy to completely excite the electron until it breaks out of the attractive forces fo the atom and enters free space. Therefore, it is necessary for photons to have the ionization energy threshold at the very least in order to accomplish this, but any energy value greater than this will also work and merely be converted into kinetic energy of the electron once it has overcome its ionization energy.",6.0,,,,,,,,,,,,Q2,"PHASE 1 - DEDUCTIVE REASONING: The essay demonstrates completeness and accuracy by addressing both observations regarding electron excitation and ejection. It provides a clear explanation of the need for specific frequencies for excitation and the threshold requirement for ejection, aligning with depth of reasoning expectations. The communication is mostly clear, though there are minor grammatical issues (e.g., ""fo"" instead of ""of""). The conclusions drawn are evidence-based, referencing quantized energy levels and ionization energy.

PHASE 2 - ABDUCTIVE REASONING: The essay reveals a solid understanding of atomic structure and the principles governing electron behavior. The mastery level appears to be high, as the author effectively reconciles the two observations with a logical explanation. The score that best explains the observed quality, considering minor communication issues but strong content knowledge, would be a 6.

SCORE: 6"
b8bd8422-a1dc-4421-b530-11157b796a00,"416347: In each statement below (a-c), two observations are given which seem to contrast with each other. Using your knowledge of electron configurations, orbitals, Coulomb's law, and/or atomic and molecular structures, briefly explain why both of these observations are true, and how the two observations can be reconciled in each case. b) If light is used to excite an electron to a higher energy level in an atom, only certain frequencies of light can be absorbed. However, if it is used to eject an electron from the atom, any value above a minimum threshold frequency can be absorbed. This question can be answered reasonably in around 150 words or fewer.","The first statement is true; in order to move from one energy level to a next, only certain energy transition and frequencies of light are allowed. This is because the energy of an electron is like a step as opposed to a ramp, so the energy can't be changed by any amount. However, the second statement is also true; to eject an electron from an atom, any value above the minimum frequency required to eject that electron is possible. The reason for this is that when an input of energy via light is used to eject an electron, the electron is now in free space, and the leftover energy is imparted as kinetic energy into the electron. Therefore, it doesn't matter what value of energy is used as long as it meets the threshold that is required to take the electron from the atom and displace it into free space, since all of the leftover energy is kinetic energy anyways.Â ",6.0,,,,,,,,,,,,Q2,"PHASE 1 - DEDUCTIVE REASONING: The essay addresses both observations accurately, demonstrating a clear understanding of electron transitions and the photoelectric effect. The reasoning is logically structured, with a clear explanation of why only certain frequencies can be absorbed for excitation while a broader range can be used for ejection. However, the depth of reasoning could be enhanced with more detailed connections to Coulomb's law or atomic structure. The communication is mostly clear, but minor grammatical issues detract from clarity.

PHASE 2 - ABDUCTIVE REASONING: The essay reveals a solid understanding of the concepts involved, indicating a good level of mastery of the subject matter. The explanations provided are coherent and logically sound, suggesting that the author has a firm grasp of the principles at play. The most likely score that reflects this quality, considering the minor issues in depth and clarity, would be a 6.

SCORE: 6"
9180aecf-2ba7-448f-ba71-e13492f237b4,"416347: In each statement below (a-c), two observations are given which seem to contrast with each other. Using your knowledge of electron configurations, orbitals, Coulomb's law, and/or atomic and molecular structures, briefly explain why both of these observations are true, and how the two observations can be reconciled in each case. b) If light is used to excite an electron to a higher energy level in an atom, only certain frequencies of light can be absorbed. However, if it is used to eject an electron from the atom, any value above a minimum threshold frequency can be absorbed. This question can be answered reasonably in around 150 words or fewer.","Within an atom, electrons can only exist at certain energy levels- therefore, if the energy of a photon isn't exactly the difference between two energy levels, the electron can't absorb the photon or it would have a non-allowable level of energy. When an electron is ionized, however, it uses the energy of the photon to ionize and then any leftover energy is maintained as kinetic energy- it is no longer restricted to specific energy levels under the influence of an atom.",5.0,,,,,,,,,,,,Q2,"PHASE 1 - DEDUCTIVE REASONING: The essay demonstrates completeness by addressing both observations regarding electron excitation and ionization. It accurately explains the concept of quantized energy levels and the distinction between absorption and ionization processes. However, the depth of reasoning is somewhat limited, as it could further elaborate on the implications of kinetic energy post-ionization. Communication is clear, but the explanation could benefit from more structured organization. The conclusions drawn are evidence-based but lack comprehensive detail.

PHASE 2 - ABDUCTIVE REASONING: The essay reveals a solid understanding of electron behavior in atoms, indicating a moderate level of mastery. The explanation effectively reconciles the two observations but does not fully explore the underlying principles or implications, suggesting a foundational grasp rather than advanced insight. The most likely score that reflects the observed quality is a 5, as it meets the basic requirements but lacks depth.

SCORE: 5"
f06e45c3-0a42-4ad6-938c-1a2cfe5f8a65,"416347: In each statement below (a-c), two observations are given which seem to contrast with each other. Using your knowledge of electron configurations, orbitals, Coulomb's law, and/or atomic and molecular structures, briefly explain why both of these observations are true, and how the two observations can be reconciled in each case. b) If light is used to excite an electron to a higher energy level in an atom, only certain frequencies of light can be absorbed. However, if it is used to eject an electron from the atom, any value above a minimum threshold frequency can be absorbed. This question can be answered reasonably in around 150 words or fewer.",,0.0,,,,,,,,,,,,Q2,"PHASE 1 - DEDUCTIVE REASONING: The essay is incomplete as it contains no content (""nan""), failing to address the prompt or demonstrate understanding of electron configurations, orbitals, or related concepts. There is no reasoning depth, clear communication, or evidence-based conclusions present.

PHASE 2 - ABDUCTIVE REASONING: The absence of any response indicates a lack of understanding of the topic and a complete failure to engage with the prompt. The most likely level of mastery is non-existent, as there is no evidence of knowledge or reasoning.

SCORE: 0"
f10f9648-ab50-42c8-934d-2dd04858b10b,"416347: In each statement below (a-c), two observations are given which seem to contrast with each other. Using your knowledge of electron configurations, orbitals, Coulomb's law, and/or atomic and molecular structures, briefly explain why both of these observations are true, and how the two observations can be reconciled in each case. b) If light is used to excite an electron to a higher energy level in an atom, only certain frequencies of light can be absorbed. However, if it is used to eject an electron from the atom, any value above a minimum threshold frequency can be absorbed. This question can be answered reasonably in around 150 words or fewer.","Â As shown by the photoemission spectra, each atom has a unique set of frequencies that can be emitted. This corresponds to the idea of ""stairs not a ramp"". Only certain frequencies of light can match the frequencies of the electrons and elevate them to specific energy levels (or steps). However, in the photoelectric effect, the frequency of light just needs to exceed a threshold and the electron can be ejected. This is because to eject (not excite) an electron, the only requirement is to exceed the ionization energy and overcome the potential energy.Â ",6.0,,,,,,,,,,,,Q2,"PHASE 1 - DEDUCTIVE REASONING: The essay demonstrates completeness by addressing both observations and providing a clear explanation of the concepts involved. The accuracy is high, as it correctly references the photoemission spectra and the photoelectric effect. The depth of reasoning is adequate, as it explains the difference between excitation and ejection of electrons. Communication is clear, though slightly informal. Evidence-based conclusions are present, linking theoretical concepts to the observations.

PHASE 2 - ABDUCTIVE REASONING: The essay reveals a solid understanding of electron configurations and the principles of the photoelectric effect. The mastery level appears to be intermediate, as the student effectively reconciles the two observations with appropriate scientific reasoning. The score that best explains the observed quality, considering the clarity and accuracy of the explanations, is a 6.

SCORE: 6"
9913a049-d9e2-483b-8fa1-11528ff94793,"416347: In each statement below (a-c), two observations are given which seem to contrast with each other. Using your knowledge of electron configurations, orbitals, Coulomb's law, and/or atomic and molecular structures, briefly explain why both of these observations are true, and how the two observations can be reconciled in each case. b) If light is used to excite an electron to a higher energy level in an atom, only certain frequencies of light can be absorbed. However, if it is used to eject an electron from the atom, any value above a minimum threshold frequency can be absorbed. This question can be answered reasonably in around 150 words or fewer.","Within an atom, electrons can only exist at certain ""states"" or energy levels. Only certain frequencies of light correspond to the transitions between these energy levels, and so only these frequencies can be absorbed. However, above a certain frequency, electrons are ionized from the atom, and once this happens, any additional energy is simply converted into additional kinetic energy for the electron. Higher frequency light above that threshold will simply result in a higher velocity for the ionized electron.",6.0,,,,,,,,,,,,Q2,"PHASE 1 - DEDUCTIVE REASONING: The essay demonstrates completeness by addressing both observations regarding electron excitation and ionization. It accurately explains the concepts of energy levels and threshold frequency, meeting the accuracy requirement. The depth of reasoning is adequate, as it connects the phenomena of light absorption and electron behavior. Communication is clear, though slightly concise, which may limit depth. The conclusion is evidence-based, linking the concepts effectively.

PHASE 2 - ABDUCTIVE REASONING: The essay reveals a solid understanding of atomic structure and electron behavior, indicating a good level of mastery. The explanation effectively reconciles the two observations, suggesting a competent grasp of the underlying principles. The most likely score that reflects this quality is a 6, as it meets the criteria well but could benefit from more elaboration.

SCORE: 6"
05c3c86b-28c8-4bf3-bac7-94abaf03f0b9,"416347: In each statement below (a-c), two observations are given which seem to contrast with each other. Using your knowledge of electron configurations, orbitals, Coulomb's law, and/or atomic and molecular structures, briefly explain why both of these observations are true, and how the two observations can be reconciled in each case. b) If light is used to excite an electron to a higher energy level in an atom, only certain frequencies of light can be absorbed. However, if it is used to eject an electron from the atom, any value above a minimum threshold frequency can be absorbed. This question can be answered reasonably in around 150 words or fewer.",It is because the energy level is 0 when it is ejected.Â ,1.0,,,,,,,,,,,,Q2,"PHASE 1 - DEDUCTIVE REASONING: The essay fails to meet the completeness and accuracy requirements, as it does not adequately explain the contrasting observations regarding electron excitation and ejection. There is a lack of depth in reasoning, as the response is overly simplistic and does not reference key concepts such as electron configurations or Coulomb's law. Communication is unclear, and the conclusion lacks evidence-based support.

PHASE 2 - ABDUCTIVE REASONING: The essay reveals a limited understanding of atomic behavior and the principles governing electron interactions with light. The most likely level of mastery is very low, as the response does not demonstrate a grasp of the necessary scientific concepts. The observed quality suggests a score of 1, indicating minimal engagement with the prompt.

SCORE: 1"
