sis_id,Prompt,student_response,Score,incorrect,correctly cites decreased electron electron repulsion,relates decreased electron electron repulsion to decreased potential energy,3rd and 4th electrons ionized feel same core charge,3rd and 4th electrons ionized from n=3 shell and have same radius,5th electron ionized from n=2 shell and feels higher core charge,5th electron ionized from n=2 shell and has smaller radius,correctly explains relationship of potential energy to ionization energy,Core charge calculation error,partially explains relationship between potential energy and ionization energy,Adjustment,Comments,question_id,prediction_1,prediction_2,prediction_3,final_prediction,num_valid_calls,essay_std,essay_mean,is_high_var
58e5d308-d422-44e3-9081-bb77a32e1d26,"416344: When studying the emission sources within the Milky Way, a satellite detected interplanetary clouds containing silicon atoms that have lost five electrons.
b) The ionization energies corresponding to the removal of the third, fourth, and fifth electrons in silicon are 3231, 4356, and 16091 kJ/mol, respectively. 
Using core charge calculations and your understanding of Coulomb's Law, briefly explain 1) why the removal of each additional electron requires more energy than the removal of the previous one, and 2) the relative magnitude of the values observed.
This question can be answered reasonably in around 150 words or fewer.","The removal of each additional electron requires more energy than the removal of the previous one because, after removing an electron, the electron-electron repulsion decreases, the core charge increases, and the radius also gets slightly smaller, causing the bottom of the Coulomb's law expression to get slightly smaller while the top gets bigger, therefore slightly increasing the ionization energy of each successive electron. The relative magnitudes show the 3rd and 4th electrons having similar ionization energies while there is a big jump to the 5th electron's ionization energy. This is because the electron is in a lower shell. Being in this lower shell closer to the nucleus decreases the radius significantly, causing the bottom of Coulomb's law expression to get much smaller while the core charges remain virtually the same, making the ionization energy much larger due to the small radius in the denominator.",,,,,,,,,,,,,,Q1,5.0,5.0,5.0,5.0,3,0.0,5.0,False
83705fbf-d8aa-4e13-a7a2-c4139ee888ff,"416344: When studying the emission sources within the Milky Way, a satellite detected interplanetary clouds containing silicon atoms that have lost five electrons.
b) The ionization energies corresponding to the removal of the third, fourth, and fifth electrons in silicon are 3231, 4356, and 16091 kJ/mol, respectively. 
Using core charge calculations and your understanding of Coulomb's Law, briefly explain 1) why the removal of each additional electron requires more energy than the removal of the previous one, and 2) the relative magnitude of the values observed.
This question can be answered reasonably in around 150 words or fewer.","Coulomb's law relates the distance of an electron from the nucleus of its atom (r), the charge of an electron (q2), and the positive charge felt by the nucleus (q1) in the equation PE=k(q1q2)/r. This shows us that the closer an electron is to the nucleus, and the higher the Zeffective is, the lower the negative potential energy is, and therefore more energy is required to ionize the electron. The reason for the large jump in magnitude of ionization energy between the fourth and fifth ionization energies of silicon (4356 kJ/mol and 16091 kJ/mol) is due to a drastic decrease in r value (distance from the nucleus) which supports the shell model as this is when the electrons are being ionized from 2p orbital and not the 3s orbital which is much closer to the nucleus. Additionally, the effective core charge of silicon increases from +6 to +12 when moving from ionizing electrons in the 3s to 2p subshells because of electron shielding which contributes to the higher Ionization energy. The increase in successive ionization energies (in the same subshell: 3231 kJ/mol to 4356 kJ/mol) is due to a decrease in electron-electron repulsion amongst electrons of the same energy level.Â ",,,,,,,,,,,,,,Q1,6.5,6.5,6.0,6.333333333333333,3,0.28867513459481287,6.333333333333333,False
2cd24b67-9160-4e01-b22d-888ada9f2aa1,"416344: When studying the emission sources within the Milky Way, a satellite detected interplanetary clouds containing silicon atoms that have lost five electrons.
b) The ionization energies corresponding to the removal of the third, fourth, and fifth electrons in silicon are 3231, 4356, and 16091 kJ/mol, respectively. 
Using core charge calculations and your understanding of Coulomb's Law, briefly explain 1) why the removal of each additional electron requires more energy than the removal of the previous one, and 2) the relative magnitude of the values observed.
This question can be answered reasonably in around 150 words or fewer.","The original Silicon atom without losing an electron has 14 protons, and therefore 14 electrons. It's electron configuration is 1s^22s^22p^63s^23p^2.Â  As the Silicon loses electrons, it goes from the 3p subshell to the 3s subshell to finally, the 2p subshell. Because of this, the core charge of the Silicon that lost 5 electrons is higher than the original atom. The core charge is +7 instead of +4, and the remaining electrons have an increased attraction to the nucleus (a much higher electronegativity). The total of a +3 core charge increase, as well as the decrease in radius as the electrons go from shell 3 (n=3) to shell 2 (n=2) contributes to a higher ionization energy.Â ",,,,,,,,,,,,,,Q1,4.0,4.0,4.0,4.0,3,0.0,4.0,False
c67f1be6-2489-4485-8095-d2492cba8de9,"416344: When studying the emission sources within the Milky Way, a satellite detected interplanetary clouds containing silicon atoms that have lost five electrons.
b) The ionization energies corresponding to the removal of the third, fourth, and fifth electrons in silicon are 3231, 4356, and 16091 kJ/mol, respectively. 
Using core charge calculations and your understanding of Coulomb's Law, briefly explain 1) why the removal of each additional electron requires more energy than the removal of the previous one, and 2) the relative magnitude of the values observed.
This question can be answered reasonably in around 150 words or fewer.","The ionization energy, or the energy to remove anÂ  electron, requires more energy than the removal of the previous one since the core charge is changing, in regards to Coulomb's law. Across a period, the core charge increases, so if an electron were to be removed/ionized, the core charge would get lower which corresponds to a more negative potential energy (further to 0). Since potential energy and ionization energy are inverses, this means that the ionization energy would also be 'more' positive, or increasing. Additionally, as electrons get removed, the electron-electron repulsions get weaker, which means that the radius gets slightly larger (since less repulsions keep the outermost electrons less attracted to the nucleus). If the radius is getting larger, according to Coulomb's law, the potential energy would become more negative, and the ionization energy would become less positive. This also applies to an electron being removed from a core shell but, in this case, the ionization energy has a huge jump since the core charge is now much higher.Â 

The third and fourth ionization energies (3231 kJ/mol and 4356 kJ/mol) are increasing but in close proximity with one another, indicating that the electrons being removed reside in the same shell. This is due to the fact that the core charge is decreasing from the 3rd and 4th ionization energies, which corresponds to a more negative potential energy and a higher ionization energy. However, the magnitude between the fourth and fifth ionization energies (4356 kJ/mol and 16091 kJ/mol) is very large, indicating that the 5th ionization energy is removing an electron from a core shell, while the 4th ionization energy is removing an electron from a valence shell.Â ",,,,,,,,,,,,,"several errors noted in text indicate major misconceptions about core charge, PE , and IE",Q1,5.0,5.0,5.0,5.0,3,0.0,5.0,False
748fd48d-b70a-42bc-8013-ccf2843170b0,"416344: When studying the emission sources within the Milky Way, a satellite detected interplanetary clouds containing silicon atoms that have lost five electrons.
b) The ionization energies corresponding to the removal of the third, fourth, and fifth electrons in silicon are 3231, 4356, and 16091 kJ/mol, respectively. 
Using core charge calculations and your understanding of Coulomb's Law, briefly explain 1) why the removal of each additional electron requires more energy than the removal of the previous one, and 2) the relative magnitude of the values observed.
This question can be answered reasonably in around 150 words or fewer.","Ionization energy is the amount of energy required to remove an electron from its shell. The ionization energy increases as each additional electron is removed due to electron electron repulsion. For example, when comparingÂ  the 3rd and 4th ionization energy, the magnitude is not as great as comparing the 4th and 5th ionization energy. Electron-electron repulsion creates a smaller negative potential energy, thus lower ionization energy. The more electrons removed, the more negative potential energy becomes, thus higher ionization energy. The electron also feels a greater attraction to the nucleus. The large magnitude between the 4th and 5th ionization energy is due to removal of an electron from the valence shell, meaning we have gone into the inner shells. Based on Coulomb's Law (q1q2/r), the radius would decrease and the electron feels a greater core charge, thus creating a larger negative potential energy and higher ionization energy.",,,,,,,,,,,,,,Q1,4.0,4.0,4.0,4.0,3,0.0,4.0,False
3f7f81cd-d808-46cb-8960-6a435290acfb,"416344: When studying the emission sources within the Milky Way, a satellite detected interplanetary clouds containing silicon atoms that have lost five electrons.
b) The ionization energies corresponding to the removal of the third, fourth, and fifth electrons in silicon are 3231, 4356, and 16091 kJ/mol, respectively. 
Using core charge calculations and your understanding of Coulomb's Law, briefly explain 1) why the removal of each additional electron requires more energy than the removal of the previous one, and 2) the relative magnitude of the values observed.
This question can be answered reasonably in around 150 words or fewer.","1) The removal of each additional electron requires more ionization energy than the previous one due to core chargers and Coulomb's Law. For instance, the core charge of Si with removal of its fifth electron is +12, meaning that the outermost electrons will be largely attracted to the core of the element, and it will be hard for them to be detached. Furthermore, we have moved to an entirely different shell. For the fourth electron, the core charge will be the same, but because we are just now arriving to the second shell, it will take less energy to remove the electrons because we are not removing anything from a complete shell. As we move to the third shell, the core charge becomes +4, and it takes significantly less ionization energy to remove the electrons because the pull of the electrons to the core is not as strong. In terms of Coulomb's Law, we know that r will be larger and there will be a lesser q1, or core charge, the more electrons we remove. This results in knowing that ionization energy will decrease as we remove more electrons and the potential energy will increase.

2) The relative magnitudes of the values are as follows because there is going to be significantly more ionization energy required to move the fifth electron due to the core charge being greater and the once full shell losing an electron, disrupting the attraction to the core. In the same sense, the magnitude of the third electron removal is less because the core charge is much smaller, and it takes less ionization energy to remove it.Â ",,,,,,,,,,,,,see comments,Q1,4.0,4.0,4.0,4.0,3,0.0,4.0,False
233af034-a72a-457d-89be-4f6275ab3835,"416344: When studying the emission sources within the Milky Way, a satellite detected interplanetary clouds containing silicon atoms that have lost five electrons.
b) The ionization energies corresponding to the removal of the third, fourth, and fifth electrons in silicon are 3231, 4356, and 16091 kJ/mol, respectively. 
Using core charge calculations and your understanding of Coulomb's Law, briefly explain 1) why the removal of each additional electron requires more energy than the removal of the previous one, and 2) the relative magnitude of the values observed.
This question can be answered reasonably in around 150 words or fewer.","1. The removal each additional electron requires more energy than the removal of the previous one because of a decrease in electron-electron repulsion while the core charge and radius are staying the same. Decreasing the electron-electron repulsion will lower the potential energy of the electron, which increases the ionization energy of the electron.Â 

2. The relative magnitude of the observed ionization energy values are seen due to a new, lower principal energy level for the 5th ionization energy. The 3rd and 4th ionization energies are similar because the effective core charge and radius are similar. However, the 5th ionization energy is much larger because the radius decreases and the effective core charge dramatically increases. This results from a decrease in shielding electrons, increasing the core charge from +4 for the 3rd and 4th ionization energies to +12 for the 5th ionization energy.",,,,,,,,,,,,,,Q1,5.0,5.5,5.0,5.166666666666667,3,0.28867513459481287,5.166666666666667,False
de3a6c1a-03ed-4a5e-8858-3cd6f06262bb,"416344: When studying the emission sources within the Milky Way, a satellite detected interplanetary clouds containing silicon atoms that have lost five electrons.
b) The ionization energies corresponding to the removal of the third, fourth, and fifth electrons in silicon are 3231, 4356, and 16091 kJ/mol, respectively. 
Using core charge calculations and your understanding of Coulomb's Law, briefly explain 1) why the removal of each additional electron requires more energy than the removal of the previous one, and 2) the relative magnitude of the values observed.
This question can be answered reasonably in around 150 words or fewer.","The removal of each additional electron requires more energy to remove than the previous electron because by removing an electron, electron-electron repulsion is reduced and the core charge has a greater influence over the remaining electrons.Â  This is demonstrated in Coulomb's law because as the repulsion from other electrons decreases (q2), the strength of the attraction to the nucleus increases, which increases the energy needed to remove the electron. The third and fourth ionization energies are relatively close to each other because only electron-electron repulsion changes between the two.Â  However, the fifth ionization energy is much greater because the 5th electron removed from silicon comes from the n=2 shell and not the n=3 shell.Â  The n=2 shell is closer to the nucleus, and by coulomb's law, when the distance to the nucleus is smaller, the strength of attraction is greater.Â  Therefore, the energy required to remove the strongly held electron is greater.",,,,,,,,,,,,,,Q1,6.0,6.0,6.0,6.0,3,0.0,6.0,False
442085b7-caa1-4ca4-a2d0-4cbbb059ccbf,"416344: When studying the emission sources within the Milky Way, a satellite detected interplanetary clouds containing silicon atoms that have lost five electrons.
b) The ionization energies corresponding to the removal of the third, fourth, and fifth electrons in silicon are 3231, 4356, and 16091 kJ/mol, respectively. 
Using core charge calculations and your understanding of Coulomb's Law, briefly explain 1) why the removal of each additional electron requires more energy than the removal of the previous one, and 2) the relative magnitude of the values observed.
This question can be answered reasonably in around 150 words or fewer.","The removal of each additional electron requires more energy than the removal of the second one due to a number of factors. First, from the third to fourth ionization energy, the ionization energy increases due to a decreased electron-electron repulsion force every time you remove the electron . Due to a decrease in e-e repulsion, the ionization energy for the outermost electron increases. This results in small increases of ionization energy, since electron-electron repulsion only affects ionization energy by a tiny amount. However, from the fourth ionization energy to the fifth, the ionization energy increases dramatically due to an increase in the core effective charge and a decrease in radius, allowing for an massive increase in radius. The radius becomes n = 2 from n = 3, and the core effective charge goes to +8. Since the ionization energy is proportional to the core effective charge (which is the number of protons minus the number of shielding electrons) and inversely proportional to radius (which has decreased by a size of 1 shell), the ionization energy increases dramatically between the fourth and fifth ionization energies.",,,,,,,,,,,,,,Q1,5.0,5.0,5.0,5.0,3,0.0,5.0,False
d3c17e28-9a5a-49e5-b9eb-5ca21a8ed567,"416344: When studying the emission sources within the Milky Way, a satellite detected interplanetary clouds containing silicon atoms that have lost five electrons.
b) The ionization energies corresponding to the removal of the third, fourth, and fifth electrons in silicon are 3231, 4356, and 16091 kJ/mol, respectively. 
Using core charge calculations and your understanding of Coulomb's Law, briefly explain 1) why the removal of each additional electron requires more energy than the removal of the previous one, and 2) the relative magnitude of the values observed.
This question can be answered reasonably in around 150 words or fewer.","Based on core charge calculations and the Coulomb's Law, the removal of each additional electron requires more energy than the removal of the previous one. As each additional electron is ionized, this reduces the electron-electron repulsion among all the different atoms. In addition, from the fourth to fifth electron, there is a significant increase, as it shows how the fifth electron is actually in a lower electron shell compared to the previous electrons, which according to Coulomb's Law, will make the radius smaller, thus the potential energy lower, and overall the ionization energy higher.

You can see the relative magnitude of the values observed. If you calculate the core charges felt by the electrons across the three different ionization energies, you can see that it equals, respectively,Â  +4, +4, and +12, respectively. Thus, if you compare the fourth and fifth ionization energies, there is a significant increase, as if you also compare the fourth and fifth core charges, there is a difference by a factor of three. On the other hand, the difference between the third and the second ionization energies are relatively small, as their core charges remained the same.Â ",,,,,,,,,,,,,,Q1,4.0,4.0,4.0,4.0,3,0.0,4.0,False
e32a5d19-aee6-4ed6-950a-f2139fd2b7fa,"416344: When studying the emission sources within the Milky Way, a satellite detected interplanetary clouds containing silicon atoms that have lost five electrons.
b) The ionization energies corresponding to the removal of the third, fourth, and fifth electrons in silicon are 3231, 4356, and 16091 kJ/mol, respectively. 
Using core charge calculations and your understanding of Coulomb's Law, briefly explain 1) why the removal of each additional electron requires more energy than the removal of the previous one, and 2) the relative magnitude of the values observed.
This question can be answered reasonably in around 150 words or fewer.","The removal of each electron requires more energy than the removal of the previous one because...Â 

1) As you take away each electron, the core charge increases. According to Coulomb's law, E=(q1xq2)/r. As you take away the third and fourth electrons, their radii stay (mostly) the same, since they are within the same sub shell, however, their core charges change. Therefore looking at Coulomb's law, if E=(q1xq2)/r, and radius stays the same and only one q is changing, the E required to remove an electron will increase, as the q increases. The increase is not too large however, since radius does stay relatively the same. Additionally, the more electrons you remove, the less electron electron repulsion, which according to Coulomb's law, less e- e- repulsion, increases IE since there is stronger nuclear charge on the remaining electrons. The fifth IE has a massive jump in IE because the radius changes for this electron. The fifth electron comes from the 2P subshell, which means its radius is much smaller than the 3S orbital. Therefore using Coulomb's law, E=(q1xq2)/r, if radius is a tiny number below a bigger number, the overall E will be a much larger number.Â 

2) This explanation of Coulomb's law, using core charge and radius, also helps account for the relative magnitude of the values observed. Since the fifth IE is in a subshell with a smaller radius, there will be a much higher amount of IE required to ionize it, according to Coulomb's law. Versus the third and fourth IE which are in a subshell with a larger radius, therefore lower IE.Â ",,,,,,,,,,,,,incorrect statement- nuclear charge doesn't change,Q1,5.0,6.0,6.0,5.666666666666667,3,0.5773502691896258,5.666666666666667,False
afda05e7-bd45-470b-934b-523f526151c4,"416344: When studying the emission sources within the Milky Way, a satellite detected interplanetary clouds containing silicon atoms that have lost five electrons.
b) The ionization energies corresponding to the removal of the third, fourth, and fifth electrons in silicon are 3231, 4356, and 16091 kJ/mol, respectively. 
Using core charge calculations and your understanding of Coulomb's Law, briefly explain 1) why the removal of each additional electron requires more energy than the removal of the previous one, and 2) the relative magnitude of the values observed.
This question can be answered reasonably in around 150 words or fewer.","Using Coulomb's law, we can see that before the third electron is removed, it has a potential energy proportional to (-1)(14-10)/r^2Â  orÂ  (-1)(6)/r^2

The fourth electron would appear to have the same potential energy as the fourth, but once the third electron is removed, that decreases electron-electron repulsion, reducing the potential energy, and thus increasing the ionization energy needed to ionize that electron.

Now when it comes to the fifth electron that is removed, since we ran out of electrons in the n=3 shell, now we have to pull from the n=2 shell. This means that using Coulomb's law, the potential energy of the fifth electron right before it is ionized is proportional to (-1)(14-2)/r^2, where r is much smaller than the r of the 3rd and 4th electrons that were ionized. HIgher core charge because of less electron shielding along with a smaller radius makes it harder to ionize the fifth electron which is why the ionization energy is so high compared to the third and fourth electrons.",,,,,,,,,,,,,I think you are mixing the values from core charge in Coulomb's law? Also we don't use the one with the r^2 value in the denom.,Q1,4.0,5.0,5.0,4.666666666666667,3,0.5773502691896258,4.666666666666667,False
97bd15ac-acec-48f2-b900-787c633e1806,"416344: When studying the emission sources within the Milky Way, a satellite detected interplanetary clouds containing silicon atoms that have lost five electrons.
b) The ionization energies corresponding to the removal of the third, fourth, and fifth electrons in silicon are 3231, 4356, and 16091 kJ/mol, respectively. 
Using core charge calculations and your understanding of Coulomb's Law, briefly explain 1) why the removal of each additional electron requires more energy than the removal of the previous one, and 2) the relative magnitude of the values observed.
This question can be answered reasonably in around 150 words or fewer.","For the third and fourth electron in silicon, they are in 3s orbital, and they both experience the core charge of 4. According to Coulomb's law,Â  PE = q1q2 / r,Â  q1 = -1, the third and fourth electron have the same q2 and approximately the same radius, so they have similar IE. However,Â  the third electron experience the e-e repulsive effect of another electron, while the fourth electron does not experience the repulsion in the same shell, thus its potential energy is higher. Therefore, the IE for the fourth electron is higher than that of the third electron.

The fifth electron is in 2p orbital and experiences the core charge of 12, and since it is in the inner shell, it has a significantly smaller distance to the nucleus than the third and fourth electron. Thus according to Coulomb's law, q2 is 3 times larger, r is significantly smaller, which explains why it has approximately four times larger potential energy than the fourth electron in magnitude. Thus there is a dramatic increase in ionization energy.",,,,,,,,,,,,,,Q1,5.0,5.0,5.0,5.0,3,0.0,5.0,False
58230ef1-9bac-41cf-9535-28ce0eec8c1b,"416344: When studying the emission sources within the Milky Way, a satellite detected interplanetary clouds containing silicon atoms that have lost five electrons.
b) The ionization energies corresponding to the removal of the third, fourth, and fifth electrons in silicon are 3231, 4356, and 16091 kJ/mol, respectively. 
Using core charge calculations and your understanding of Coulomb's Law, briefly explain 1) why the removal of each additional electron requires more energy than the removal of the previous one, and 2) the relative magnitude of the values observed.
This question can be answered reasonably in around 150 words or fewer.","The first two ionization energies are similar because the core charge has remained the same (14-10=4), it still increases because of the electron electron repulsion and the change in radius. The jump between 4356 and 16091 kJ/mol is large because the core charge has changed to (14-2=12). The jump is about 4 times as big because the core charge is also 4 times as big.",,,,,,,,,,,,,,Q1,3.0,3.0,3.0,3.0,3,0.0,3.0,False
