sis_id,Prompt,student_response,Fixed mass of one element,Mass data in LoMP,Combine to form compounds,Integer/whole number ratio,Whole numbers mean indivisible/discrete,Indivisible unit of mass = atom,incorrect/misleading statement,incorrect/missing answer,Adjustment,Comments,question_id,Score
39b22844-7fc9-4bb4-829a-3276cef39f46,"431982: How did the Law of Multiple Proportions lead to the conclusion that matter is made of atoms?Ã‚Â 
This question can be reasonably answered in around 75 words or fewer.","When two elements combine to make different compounds, the masses of one element combined with a fixed mass form simple integer ratios. Fixing the mass of one element across different compounds reveals that because they form simple integer ratios we must be counting something. That something is atoms.",True,True,True,True,True,False,False,False,,,Q4,6.0
4162535d-7d41-4d12-b9a3-49e49b3ba936,"431982: How did the Law of Multiple Proportions lead to the conclusion that matter is made of atoms?Ã‚Â 
This question can be reasonably answered in around 75 words or fewer.","The LMP states that in two compounds when the mass of 1 specific element is fixed (in both) then the remaining element's mass will be in a simple integer ratio. INtegers show that something non-divisible is being counted. The integer ratios in LMP were based off of mass data, so there is an indivisible, smallest mass for the element that combines in the simple integer ratio between compounds. so, it can be concluded that this fixed unit of mass is the most indivisible thing: the atom.Â ",True,True,True,True,True,True,False,False,,,Q4,8.0
f115fec3-9c9f-4e8c-bc3c-0c1dc322c54b,"431982: How did the Law of Multiple Proportions lead to the conclusion that matter is made of atoms?Ã‚Â 
This question can be reasonably answered in around 75 words or fewer.","The Law of Multiple proportions states that in two compounds composed of the same elements, if the mass of one of the elements is fixed between compounds, the masses of the other elements will be in simple integer ratios between the compounds. Therefore, these integers must be counting units of mass that combine in defined units to form compounds. The fact that mass units are quantized lead to the conclusion that matter is made of atoms (particles).Â ",True,True,True,True,True,True,False,False,,,Q4,8.0
d9e1dafa-29b3-4ee8-86bf-df672f11162f,"431982: How did the Law of Multiple Proportions lead to the conclusion that matter is made of atoms?Ã‚Â 
This question can be reasonably answered in around 75 words or fewer.","Fixing the ratios of mass composition of different compounds in regards to one element, and being able to find a whole number ratio between the compounds in other elements shared by the compounds supports the idea that atoms exist. The simple whole number ratio signifies that there must exist a unit of mass for that specific element that is being compared across compounds. Through trial, it can be proven that this always occurs by testing this on many compounds.",False,True,True,True,True,False,False,False,,,Q4,6.0
32d4ca9f-788b-4509-b8f0-482015730eb7,"431982: How did the Law of Multiple Proportions lead to the conclusion that matter is made of atoms?Ã‚Â 
This question can be reasonably answered in around 75 words or fewer.","The law of multiple proportions shows that when the same elements form different compounds, and one of the elements mass are fixed, the other element will always be in a simple integer ratio of mass between compounds. Since these ratio of mass are whole numbers, they represent some countable, indivisible, unit of mass aka atoms that combine in these simple whole number ratios. This suggests that elements and therefore matter is made up of atoms that are combining in these simple whole number ratios with each other to form compounds.",True,True,True,True,True,True,False,False,,,Q4,7.0
91ade2eb-b9e0-4d5f-b468-a770303f597e,"431982: How did the Law of Multiple Proportions lead to the conclusion that matter is made of atoms?Ã‚Â 
This question can be reasonably answered in around 75 words or fewer.","The law of multiple proportions states that when two elements combine to form more than one compound, the masses of one element that combine with a fixed mass of the other element are in simple integer ratio. We can conclude from the law that all elements are made up of fixed units of mass, and we can call these particles atoms.",True,True,True,True,True,True,False,False,,,Q4,8.0
090a80a6-2b44-47df-b2d9-c2e3c7a651cd,"431982: How did the Law of Multiple Proportions lead to the conclusion that matter is made of atoms?Ã‚Â 
This question can be reasonably answered in around 75 words or fewer.",,False,False,False,False,False,False,False,True,,,Q4,0.0
aa6b30a2-9287-4ed1-804d-050ff0459f4e,"431982: How did the Law of Multiple Proportions lead to the conclusion that matter is made of atoms?Ã‚Â 
This question can be reasonably answered in around 75 words or fewer.",The Law of Multiple Proportions leads to the conclusion that matter is made of atoms by showing that different compounds composed of the same elements will react in a fixed whole number ratio when keeping the mass of the first element constant. This Law combined with the Law of Conservation of Mass and the Law of Definite Proportions proved that compounds act in whole-number ratios which we'll presume to be units of mass named atoms.Â ,True,True,True,True,False,True,True,False,,,Q4,7.0
7db3082a-45d8-4c4a-85f6-3970ec358a94,"431982: How did the Law of Multiple Proportions lead to the conclusion that matter is made of atoms?Ã‚Â 
This question can be reasonably answered in around 75 words or fewer.","The Law of Multiple Proportions states that when two elements form more than one compound the ratio of the masses of one element will combine in small integer ratios, if the mass of one the elements is fixed. Since the masses of the element are in a fixed integer tatio then it must represent some fixed unit of mass this can be most simple explained by assuming that the element consists of particles of fixed mass, atoms.",True,True,True,True,True,True,False,False,,,Q4,6.0
193a299e-c99e-4e56-9410-2614c6db42ee,"431982: How did the Law of Multiple Proportions lead to the conclusion that matter is made of atoms?Ã‚Â 
This question can be reasonably answered in around 75 words or fewer.","The Law of Multiple Proportions states that when the mass of an element is fixed for different samples of a compound, the ratio of this ratio from each sample would result in a simple, whole-number, integer ratio. We know that this means that we are counting something, and we can deduce that the ratio is counting the number of atoms in the substance.",False,False,False,False,True,False,False,False,,wrong law,Q4,6.0
cf518b01-4bac-4dfb-aeac-393f7bba5d59,"431982: How did the Law of Multiple Proportions lead to the conclusion that matter is made of atoms?Ã‚Â 
This question can be reasonably answered in around 75 words or fewer.","The Law of Multiple Proportions states that if two elements form more than one compound, if you fix the mass of one element the ratio of the other element will be in a whole number ratio. This shows thatÂ  compounds are always made of a fixed ratio of units and we can conclude that the smallest unit is an atom.",True,True,True,True,False,False,False,False,,,Q4,6.0
263af335-57b9-414f-9f8c-374a2c3dad16,"431982: How did the Law of Multiple Proportions lead to the conclusion that matter is made of atoms?Ã‚Â 
This question can be reasonably answered in around 75 words or fewer.","The Law of Multiple Proportions states that for 2 compounds that are made of the same elements, if we fix the mass of one element, the masses of the other element are in simple integer ratio between the compounds. This simple integer mass ratio suggests that the masses of the second element are integer multiples of some fixed unit of mass, and the law still holds for very small samples. The law can be extended to all the elements. We can conclude that this smallest fixed unit of mass (i.e. atoms) makes up matter because the elements and thus compounds are made of it.",True,True,True,True,True,True,False,False,,,Q4,7.0
69f6c85e-d612-4666-b448-538388094815,"431982: How did the Law of Multiple Proportions lead to the conclusion that matter is made of atoms?Ã‚Â 
This question can be reasonably answered in around 75 words or fewer.","The Law of Multiple Proportions states that when 2 or more elements make up different compounds when we fix the mass of one element in all the compounds, we will find a simple integer mass ratio of the other element between the compounds. The integer mass ratio suggests we're counting some sort of unit of mass, which we call an atom.Â ",True,True,True,True,False,True,False,False,,,Q4,8.0
16d1bf4b-97b5-441d-9220-90ceba4bec46,"431982: How did the Law of Multiple Proportions lead to the conclusion that matter is made of atoms?Ã‚Â 
This question can be reasonably answered in around 75 words or fewer.","The law of multiple proportions states that, when given two different compounds of the same constituent elements, if you fix the mass of one of the elements across both compounds, the masses of the second element are in a simple integer ratio. Simple integers suggest that we are counting something, and these simple integers pertaining to mass data suggest specifically that we are counting mass. In order to count mass, it must exist in discrete, indivisible particles known as atoms.",True,True,True,True,True,True,False,False,,,Q4,8.0
ba244d41-ec7d-4feb-ba44-ab6bf6ef2981,"431982: How did the Law of Multiple Proportions lead to the conclusion that matter is made of atoms?Ã‚Â 
This question can be reasonably answered in around 75 words or fewer.","The Law of Multiple Proportions states that when comparing compounds made of the same elements if the mass of a common element is fixed across all compounds then the masses of the other element will be in a simple, integer ratio between the compounds.

This show that elements are made of atoms because Element X (Carbon) only combines with a fixed mass of Element Y (Hydrogen). Since the masses of C with a fixed mass of H are in simple integer proportions, the masses must represent simple integer ratios of some fixed unit of mass of Element X (C).

Most simply, this is explained by assuming that Carbon consists of discrete units of mass (or atoms) combining in integer ratios.",True,True,True,True,True,True,False,False,,,Q4,7.0
d94d1a9d-31d5-4147-8d63-d895f206c317,"431982: How did the Law of Multiple Proportions lead to the conclusion that matter is made of atoms?Ã‚Â 
This question can be reasonably answered in around 75 words or fewer.","The Law of Multiple Proportions states that when comparing different compounds made of the same elements, if you fix the mass of one of the elements, then the masses of the other elements will be in a simple, integer ratio between compounds. So, the mass data tells us that a fixed mass of an element will combine with another element in simple, integer units of mass. This implies an indivisible, integer, countable unit of mass that makes up elements (and all matter), which is the atom.Â ",True,True,True,True,True,True,False,False,,,Q4,8.0
9e231872-9b33-4690-8fd5-f51b1746bb2e,"431982: How did the Law of Multiple Proportions lead to the conclusion that matter is made of atoms?Ã‚Â 
This question can be reasonably answered in around 75 words or fewer.","The law of multiple proportions showed that when two elements combined to form more than one compound, that when the mass of one element is fixed, the ratio of the mass of the other would relate in a simple integer ratio. This surprising observation of elements combining in integer ratio would be best explained by the fact that the elements making up these compounds have to be some fixed unit of mass, which we call atoms.Â ",True,True,True,True,True,True,False,False,,,Q4,8.0
efed073e-e575-467d-b4d4-bef6a057b9f9,"431982: How did the Law of Multiple Proportions lead to the conclusion that matter is made of atoms?Ã‚Â 
This question can be reasonably answered in around 75 words or fewer.","The Law of Multiple Proportions states that for any 2 or more compounds with the same elements, if the mass of one element is fixed, the mass of the other element(s) in the compounds will be in simple integer ratios of small numbers. These simple integer ratios suggested that a small particle of fixed mass was being counted, and this led to the conclusion that matter is composed of atoms which are small particles with fixed masses that can combine to form compounds.",True,True,True,True,True,True,False,False,,,Q4,8.0
ca2aeaf5-fee1-4eef-b1bf-15d804125704,"431982: How did the Law of Multiple Proportions lead to the conclusion that matter is made of atoms?Ã‚Â 
This question can be reasonably answered in around 75 words or fewer.","The Law of Multiple Proportions states that when two elements combine to form two or more different compounds, fixing the mass of one element in both compounds reveals simple integer ratios between the masses of the other elements between the compounds. It could be reasoned through the idea that the reasons these element masses had simple integer ratios with each other was because they were counting an indivisible unit of mass which was specific to each element, which was an atom.Â ",True,True,True,True,True,True,False,False,,,Q4,7.0
97dcbf28-6cd0-44a2-9f0b-b3d1c3072204,"431982: How did the Law of Multiple Proportions lead to the conclusion that matter is made of atoms?Ã‚Â 
This question can be reasonably answered in around 75 words or fewer.","The law of multiple proportions states that if we fix the mass of one element, the masses of the other element in the other compounds (containing that element) are always in a simple integer ratio. We know that these simple integer ratios are counting fixed units of mass, so if all elements are made up of fixed units of mass, they must all be made of atoms.",True,True,True,True,True,True,False,False,,,Q4,8.0
256237e0-fbe6-4abe-8c2e-ee72c7cbaf87,"431982: How did the Law of Multiple Proportions lead to the conclusion that matter is made of atoms?Ã‚Â 
This question can be reasonably answered in around 75 words or fewer.","The Law of Multiple Proportions states that when there is more than one compound and one element (the same in all the compounds available) is fixed to 1 (the other elements must be reduced to match this), then across the compounds, the elements will combine in simple, whole number ratios. Since integers are rare in nature, this leads to the conclusion that these ratios must be counting something-- particles. These particles are atoms. Since they are in simple mass ratios, we also assume that these atoms have fixed masses as per their specific elements.Â ",True,True,True,True,True,False,False,False,,,Q4,7.0
a89f1aba-6f70-4cde-b631-128b6e59273f,"431982: How did the Law of Multiple Proportions lead to the conclusion that matter is made of atoms?Ã‚Â 
This question can be reasonably answered in around 75 words or fewer.","The law of multiple proportions states that in two compounds, by holding the mass of one compound in both elements fixed, you will observe a simple-integer ratio between the other elements. For example, by fixing the mass of Y in both compounds, we were able to observe a ratio in X of 8:3. Whole numbers imply that a small-fixed unit of mass is being counted, which allows us to prove that matter is made of atoms.",True,True,True,True,True,True,False,False,,,Q4,7.0
b948b3b4-f165-4391-9e05-4d944ca81681,"431982: How did the Law of Multiple Proportions lead to the conclusion that matter is made of atoms?Ã‚Â 
This question can be reasonably answered in around 75 words or fewer.","The Law of Multiple Proportions states that if two different compounds are made of the same atoms and the mass of one of the elements is fixed in both compounds, then the ratio of the masses of the other elements will be a small whole number ratio. This small whole number ratio indicates that some indivisible mass is being counted with that indivisible mass being atoms, the smallest unit of matter.",True,True,True,True,True,True,False,False,,,Q4,8.0
e89d37b7-bb43-4337-a020-2a4589d3b7c5,"431982: How did the Law of Multiple Proportions lead to the conclusion that matter is made of atoms?Ã‚Â 
This question can be reasonably answered in around 75 words or fewer.","The Law of multiple proportions states that when comparing different compounds made of the same elements, if one element is fixed, the ratio of masses of the other elements form a simple integer ratio between the compounds. Because integer ratios are rare and special, we know that we must be counting some discrete units of mass, or atoms. Thus, matter must be made of atoms!",True,True,True,True,True,True,False,False,,,Q4,8.0
1b39faae-72c0-4ee8-b22f-f76077d22f83,"431982: How did the Law of Multiple Proportions lead to the conclusion that matter is made of atoms?Ã‚Â 
This question can be reasonably answered in around 75 words or fewer.","The Law of Multiple Proportions states that elements combine in whole number ratios by mass to form compounds. When whole numbers are observed, something in that data is being counted. Because mass is being counted, we can conclude that the mass is being quantized. These quantized particles of mass are atoms.",False,False,False,False,True,True,False,False,,,Q4,6.0
74348a75-54cb-477d-9efa-7f5b522f0637,"431982: How did the Law of Multiple Proportions lead to the conclusion that matter is made of atoms?Ã‚Â 
This question can be reasonably answered in around 75 words or fewer.","The Law of Combining Volumes says that gases combine in fixed whole number ratios by volume. The atomic theory says that atoms combine in fixed whole number ratios to form compounds. The volume ratios of the gases that combine (which combine in whole number ratios) insinuate that we are counting the ratio of particles.Â  For this to be true, the volume must be proportional to the number of particles. Therefore, equal volumes of gases contain equal numbers of particles. (aka Avogadro's Hypothesis)",False,False,False,False,False,False,False,True,,,Q4,4.0
302c6682-98b6-4726-95cd-9813a4bcc19d,"431982: How did the Law of Multiple Proportions lead to the conclusion that matter is made of atoms?Ã‚Â 
This question can be reasonably answered in around 75 words or fewer.",The law of multiple proportions lead to the conclusion that matter s made of atoms because we see an integer ratio between two compounds of the same elements. Integers often shows us important trends and in this case it shows that atoms combined in definite proportions as well as the fact that there is a repetition of atoms.,False,False,True,True,False,False,False,False,,,Q4,4.0
7a5c2136-578f-4d3d-817f-df1b09cc58b4,"431982: How did the Law of Multiple Proportions lead to the conclusion that matter is made of atoms?Ã‚Â 
This question can be reasonably answered in around 75 words or fewer.","The law of Multiple Proportions states that when two elements react, of which one of the masses is fixed, the elemnts will react in fixed integer ratios. Since the values of the elements are in integer ratios, we can assume that there must be fundamentally something small that we are counting, aka the atom.",True,True,False,True,True,False,False,False,,,Q4,6.0
0ddae085-83c8-4e95-82c9-112fb747c55a,"431982: How did the Law of Multiple Proportions lead to the conclusion that matter is made of atoms?Ã‚Â 
This question can be reasonably answered in around 75 words or fewer.","The Law of Multiple Proportions showed that when comparing different compounds with the same elements, if one element is the fixed the masses of the other element will be in whole number ratios between the compounds. This means a fixed mass of one element can only combine with a certain mass of the other element. This mass is in integer multiples and when we see simple whole numbers, we know we are counting something. This led to the idea that the compounds have a multiple of one particle of the element with a fixed mass, the atom.Â ",True,True,True,True,True,True,False,False,,,Q4,7.0
ee728e2a-c53c-4376-a2d0-5fe4c3f5d5fb,"431982: How did the Law of Multiple Proportions lead to the conclusion that matter is made of atoms?Ã‚Â 
This question can be reasonably answered in around 75 words or fewer.","The LMP states that when 2 elements make more than one compound, and one element is at a fixed mass, the other element will exist in a simple integer ratio of mass between the two compounds. This suggests that elements can only combine in fixed units of mass, because LMP holds true no matter how small the sample size. These fixed units of mass are explicable through the existence of atoms, extremely small and indivisible units of mass that make up all matter.Â ",True,True,True,True,True,True,False,False,,,Q4,8.0
256f93ab-70ab-49e2-9959-be82b932e3e4,"431982: How did the Law of Multiple Proportions lead to the conclusion that matter is made of atoms?Ã‚Â 
This question can be reasonably answered in around 75 words or fewer.","The Law of Multiple Proportions says that given two compounds made of the same elements, if one of the elements mass is normalized, then the other element will be in a simple integer mass ratio between the two compounds. This proves that the element in the ratio is counting distinct units of mass, which can be inferred to be atoms.Â ",True,True,True,True,True,True,False,False,,,Q4,6.0
74ff67e4-6feb-4b34-b02e-c11ccadfa7f0,"431982: How did the Law of Multiple Proportions lead to the conclusion that matter is made of atoms?Ã‚Â 
This question can be reasonably answered in around 75 words or fewer.","The law of multiple proportions looks at two or more compounds composed of the same elements. When the mass of element A is fixed with the mass of element B the resulting fixed masses will be related to each other in simple, whole-number ratios across compounds. This shows that elements combine in fixed proportions regardless of the compound, meaning elements must be made of units with fixed mass, aka atoms.Â ",True,True,True,True,True,True,False,False,,,Q4,8.0
f820a3ea-976a-4e66-bc1e-b00944a3fc12,"431982: How did the Law of Multiple Proportions lead to the conclusion that matter is made of atoms?Ã‚Â 
This question can be reasonably answered in around 75 words or fewer.","The law of multiple proportions states that if the same elements form two or more compounds composed, then if the mass of one of the elements is fixed between the compounds, then the other element's masses will form a simple integer ratio between the compounds. These masses must represent simple integer ratios of some fixed unit of mass. This can be explained by assuming that the compounds consists of particles of fixed mass that are combining in simple integer ratios, or atoms.Â ",True,True,True,True,True,True,False,False,,,Q4,8.0
04063add-b4ce-4af4-8af2-5a8f44745b79,"431982: How did the Law of Multiple Proportions lead to the conclusion that matter is made of atoms?Ã‚Â 
This question can be reasonably answered in around 75 words or fewer.","The law of multiple proportions states that when comparing two different compounds composed of the same elements, when the mass of one compound is normalized, the masses of the elements that combine form integer ratios with each other. These integer ratios result in a conclusion that there must be some building block to base these integers on, otherwise they would not combine in simple integer ratios. This building block is the atom.",True,True,True,True,True,False,False,False,,,Q4,8.0
21563059-20d5-46bf-bb5a-bd05ded46ae1,"431982: How did the Law of Multiple Proportions lead to the conclusion that matter is made of atoms?Ã‚Â 
This question can be reasonably answered in around 75 words or fewer.","The Law of Multiple Proportions states that if at least two compounds are made of the same elements and you fix the masses of the same element in each compound, then the masses of the other elements will be in simple integer ratios. The presence of an integer is important and hints that we must be counting something. Combined with the Atomic Molecular Theory saying that atoms exist and are the simplest form of matter, it is simplest to conclude that we are counting atoms.Â ",True,True,True,True,True,False,True,False,,LMP leads to Atomic molecular theory so it can't really prove atoms with LMP,Q4,7.0
22db3276-4211-40f7-9a82-d977f5c3672b,"431982: How did the Law of Multiple Proportions lead to the conclusion that matter is made of atoms?Ã‚Â 
This question can be reasonably answered in around 75 words or fewer.","The Law of Mulitple Proportions states that when given two different compounds made of the same elements, if you fix the mass of one of the elements to the same value between the two compounds, the other element will be in a simple integer ratio between the two compounds. This simple ratio suggests that the elements are combining based on fixed pieces of mass on a very small scale. It then follows that each element is composed of these small pieces because the LMP is true across all elements, and these pieces are called atoms.Â ",True,True,True,True,True,True,False,False,,,Q4,8.0
a8a1af1e-8833-4d6f-9b8e-c4b49723373f,"431982: How did the Law of Multiple Proportions lead to the conclusion that matter is made of atoms?Ã‚Â 
This question can be reasonably answered in around 75 words or fewer.","The Law of Multiple Proportions (LMP) states that when 2 or more elements combine to form different compounds (each compound being composed of the same elements) and the mass of one element is fixed, the masses of the other element relate to other in simple integer ratios. The data indicate that masses of elements react with each other in very discrete ways based on mass, not randomly. Because we observe integer ratios, this indicates that we are counting these discrete units of mass. We call these discrete units of mass atoms.Â ",True,True,True,True,True,True,False,False,,,Q4,8.0
db3c068c-8677-4c63-bb93-17b1ec8b768a,"431982: How did the Law of Multiple Proportions lead to the conclusion that matter is made of atoms?Ã‚Â 
This question can be reasonably answered in around 75 words or fewer.","The law of multiple proportions tells us that when two compounds are made up of two elements, the ratio of of X:Y in compound 1 versus the ratio of X:Y in compound two will be in a simple whole number ratio - that is, at the most simple, microscopic level, there is an indivisible unit of mass with a fixed mass. As such, that unit of mass is an atom.",True,True,True,True,True,True,False,False,,,Q4,8.0
f10e4fbd-8fec-485b-ace4-3059a9bc4a33,"431982: How did the Law of Multiple Proportions lead to the conclusion that matter is made of atoms?Ã‚Â 
This question can be reasonably answered in around 75 words or fewer.","The law of multiple proportions states that if we fix one element of 2 different compounds of the same elements, the mass of the other element will be in a fixed integer ratio. Because it is always in integer ratios between compounds, that element must be reacting in countable discrete units, or atoms.",True,True,True,True,True,False,False,False,,,Q4,6.0
3f7f81cd-d808-46cb-8960-6a435290acfb,"431982: How did the Law of Multiple Proportions lead to the conclusion that matter is made of atoms?Ã‚Â 
This question can be reasonably answered in around 75 words or fewer.","The Law of Multiple Proportions states that when two elements combine to form one or more compounds, the mass of one element that combine with a fixed mass of the other element are in simple integer ratio. From here, we conclude that all elements are made up of fixed units of mass. The integer ratios of atoms always exist in fixed units of mass that are simple integer ratios. So because of this, we know that matter is made of atoms.Â 

Â ",True,True,True,True,True,False,False,False,,,Q4,6.0
42552590-50e1-4d59-ae4c-ce052bf054a1,"431982: How did the Law of Multiple Proportions lead to the conclusion that matter is made of atoms?Ã‚Â 
This question can be reasonably answered in around 75 words or fewer.","The Law of Multiple Proportions states that when two elements react to form more than one compound, a fixed mass of one element will react with masses of the other element in a small, whole number ratio. Because of this, the compounds must be made of discrete, indivisible, and countable things, i.e., atoms.",True,True,True,True,True,True,False,False,,,Q4,8.0
1a9540cc-64c1-4458-bd6b-310e27dd0577,"431982: How did the Law of Multiple Proportions lead to the conclusion that matter is made of atoms?Ã‚Â 
This question can be reasonably answered in around 75 words or fewer.","The Law of Multiple proportions states that when elements combine into fixed and definite of two or more elements then the ratio between the element that is not fixed (at 1 g) can be compared across the two or more compounds. The mass ratio that is seen between these compounds form a simple integer mass ratio. Integers are rare in chemistry. We know that if we see integers we must be counting something. That ""something"" is atoms. Atoms are the smallest mass unit that can not be spit so they must be counted using integers.Â ",True,True,True,True,True,True,True,False,,,Q4,6.0
f10f9648-ab50-42c8-934d-2dd04858b10b,"431982: How did the Law of Multiple Proportions lead to the conclusion that matter is made of atoms?Ã‚Â 
This question can be reasonably answered in around 75 words or fewer.","The Law of Multiple Proportions states that when comparing different compounds made of the same elements, if the mass of 1 element is fixed, then the masses of the other elements will be in a simple integer ratio between the compounds. In other words, the mass ratio of the element being analyzed must be in a simple integer form. By fixing one atom, we know that the other one combines in integer ratios by mass. Integer ratios are important because they represent organizable, countable, indivisible units of mass (particles), which we call atoms.Â ",True,True,True,True,True,True,False,False,,,Q4,8.0
20066229-45da-4c82-85fd-22e61c8a223b,"431982: How did the Law of Multiple Proportions lead to the conclusion that matter is made of atoms?Ã‚Â 
This question can be reasonably answered in around 75 words or fewer.","LMP leads to the conclusion that matter is made up of atoms because it states that if you have two compounds made up of the same elements and you fix the mass of one of the elements, the mass of the other element will combine in a simple integer ratio between the two compounds. Because it combines in a simple integer ratio in terms of mass, we can simply explain this to mean that we are counting some particle (atom) of mass. Thus leading to the conclusion that matter is made of atoms.",True,True,True,True,True,True,False,False,,,Q4,8.0
5e906002-4431-4298-b562-fc97a6795290,"431982: How did the Law of Multiple Proportions lead to the conclusion that matter is made of atoms?Ã‚Â 
This question can be reasonably answered in around 75 words or fewer.","The Law of Multiple Proportions states that when the mass of one element in compounds containing the same elements is fixed, then the masses of the elements are in simple whole number ratios between compounds. Because compounds can only form with elements present in specific amounts through integer ratios, this indicates thatÂ  elements are made up of small, indivisible units (atoms).",True,True,True,True,True,False,False,False,,,Q4,8.0
8a50e4a2-9088-4e2c-9211-db6e8c280f2c,"431982: How did the Law of Multiple Proportions lead to the conclusion that matter is made of atoms?Ã‚Â 
This question can be reasonably answered in around 75 words or fewer.","The Law of Multiple Proportions states that when two elements combine to form more than one compound, if we fix the mass of one of the elements in both compounds, then the other element must be in a simple whole number ratio across the compounds. Because they are in simple whole number ratios, this means that they are combining in fixed integer ratios of some unit, so we are counting some indivisible unit of mass of each of the elements, which would be the atom, because that is the smallest indivisible unit of each element. This also fits well with the Atomic Molecular theory, which states that atoms combine in simple integer ratios to make up compounds.Â ",True,True,True,True,True,True,False,False,,,Q4,8.0
4f12fd99-7cc9-4950-9037-241675757594,"431982: How did the Law of Multiple Proportions lead to the conclusion that matter is made of atoms?Ã‚Â 
This question can be reasonably answered in around 75 words or fewer.","The law of multiple proportions states that when 2 or more elements combine to form more than one compound, the masses of 1 element that combine with a fixed mass of the other element are in simple integer ratios between the two different compounds. Knowing that the elements that make up compounds (when the other element that makes up the compound) can only exist in whole number ratios to each other, we can conclude that these integers must be counting discrete units of mass. We can conclude from here that those units of mass must be atoms/particles.",True,True,True,True,True,True,False,False,,,Q4,8.0
bdb4c01f-8b87-4e27-96a9-e10a0cff4d3e,"431982: How did the Law of Multiple Proportions lead to the conclusion that matter is made of atoms?Ã‚Â 
This question can be reasonably answered in around 75 words or fewer.","The law of multiple proportions states that if two elements form more than one compound, then the ratios of the masses of the second element which combine with a fixed mass of the first element will be ratios of small whole numbers. Whole numbers are rare in nature so we must be counting a small indivisible unit called atoms.",True,True,True,True,True,True,False,False,,,Q4,6.0
73d90254-608a-40f2-a39c-91d7b9324eac,"431982: How did the Law of Multiple Proportions lead to the conclusion that matter is made of atoms?Ã‚Â 
This question can be reasonably answered in around 75 words or fewer.","Law of multiple proportions: for different compounds made of the same element, masses of one element that combined with the second element of fixed masses are in integer ratio. Take the example of carbon and hydrogen(C2H2 and CH4). With fixed mass of hydrogen, the masses of carbon in the two compounds are in integer ratio. This indicates that these two compounds are quantized. Thus they are formed by small particles(atom).",True,True,True,True,False,True,False,False,,,Q4,6.0
54eb064d-018f-407b-8380-79377149b6fd,"431982: How did the Law of Multiple Proportions lead to the conclusion that matter is made of atoms?Ã‚Â 
This question can be reasonably answered in around 75 words or fewer.","While the Law of Definite Proportions proved that element's masses combined in fixed proportions, The law of multiple proportions showed that element's masses only combine in fixed integer rations. This was observed by fixing one element's mass to the same value for different compounds (consisting of the same elements) and observing the integer ratio between the mass of the non-fixed element between the two compounds. Since these masses were combining in whole-number ratios, there must be an indivisible unit of mass that the elements are consisting of: those being atoms.",True,True,True,True,True,True,False,False,,,Q4,7.0
733cbe17-65b0-4f26-b392-4dad8535be5b,"431982: How did the Law of Multiple Proportions lead to the conclusion that matter is made of atoms?Ã‚Â 
This question can be reasonably answered in around 75 words or fewer.","The Law of Multiple Proportions states that if we fix one mass in two different compounds with the same elements, the other mass in both compounds will be in simple, integer ratios by mass.Â The presence of simple integer ratios by mass suggests we're counting discrete units of mass, or particles, that we have come to refer to as atoms.Â ",True,True,True,True,True,True,False,False,,,Q4,8.0
f47bf481-3ee9-4f29-bf29-0b70b51741b9,"431982: How did the Law of Multiple Proportions lead to the conclusion that matter is made of atoms?Ã‚Â 
This question can be reasonably answered in around 75 words or fewer.","The law of multiple proportions states that when two or more elements form different compounds, if the mass of one element is constant between compounds, then the masses of the other elements will be in simple integer ratios between compounds. It is rare that we find whole numbers in this kind of data, not to mention that these ratios show that the masses of the element being compared are multiples of each other, which must mean that there is a basic unit with a characteristic mass of that element, and we call this unit an atom.",True,True,True,True,True,True,False,False,,,Q4,7.0
b7f8fb93-a8a7-4a3a-aa2c-520ec9ef472d,"431982: How did the Law of Multiple Proportions lead to the conclusion that matter is made of atoms?Ã‚Â 
This question can be reasonably answered in around 75 words or fewer.","The law of multiple proportions states that when two elements combine to form different compounds, they will react in mass ratios of small whole numbers, as long as one element is at a fixed mass. Whole numbers/integers are not common in nature unless some units are being counted, so we know that we are counting some smaller unit making up the mass of the elements. Those small units are atoms.",True,True,True,True,True,True,False,False,,,Q4,8.0
46d92487-64e9-4000-9bf7-9e67c0327383,"431982: How did the Law of Multiple Proportions lead to the conclusion that matter is made of atoms?Ã‚Â 
This question can be reasonably answered in around 75 words or fewer.",The law of multiple proportions demonstrates that different proportions of the same elements can create different compounds and molecules. These proportions helped us realize that there must be something reacting in such a way that it produces compounds that are formed in integer ratios when using the same substances such as H2 and O2 being able to create both H2O and H2O2 and there being a proportion of 1 to 1 for H and 1 to 2 for O. The fact that these integer ratios exist help demonstrate atoms exist because there must be something reacting in such a way that these integer ratios are present. Thus the atoms work as building blocks for all of these compounds and therefore rearrangement and combination of these atoms is responsible for the elements existing in these multiple proportions as demonstrated in the law of multiple proportions.,False,False,True,True,False,True,False,False,,,Q4,5.0
9f948a88-d62c-4ab2-834c-9f6fda0893be,"431982: How did the Law of Multiple Proportions lead to the conclusion that matter is made of atoms?Ã‚Â 
This question can be reasonably answered in around 75 words or fewer.","The law of multiple proportions states that different compounds with the same constituent elements, if we fix the mass of one we should see that the the other element exists in a simple integer ratio. Small integer numbers are very rare in data, and since we are holding all else constant, the presence if this small integer numbers suggest we are counting the smallest individual units of mass data which allowed Dalton to conclude the presence if atoms.",True,True,True,True,True,True,False,False,,,Q4,6.0
8814d73d-8410-4032-8bea-ffa3c3d195cc,"431982: How did the Law of Multiple Proportions lead to the conclusion that matter is made of atoms?Ã‚Â 
This question can be reasonably answered in around 75 words or fewer.","The Law of Multiple Proportions gives us that the amount of one element reacting varies by an integer ratio when the mass of the other element in the compound is fixed. This means not any amount of one element can combine with a fixed mass of another element to form a compound. It must be in some kind of integer multiple of some mass. This implies that there are countable units of some mass, which are then called atoms.",True,True,True,True,True,True,False,False,,,Q4,7.0
d9ceaab0-7ea7-4dba-9769-ad7421f41eae,"431982: How did the Law of Multiple Proportions lead to the conclusion that matter is made of atoms?Ã‚Â 
This question can be reasonably answered in around 75 words or fewer.","The Law of Multiple Proportions states when two elements react to form two or more compounds, one element with a fixed mass will react with the other element in a simple integer ratio between the compounds. The simple integer ratio implies something is being counted, specifically a unit of mass. The smallest unit of mass within elements are atoms.Â ",True,True,True,True,True,True,False,False,-1.0,"""Fixed"" countable unit of mass ",Q4,8.0
5ee49306-811a-49e5-a33e-44149684534a,"431982: How did the Law of Multiple Proportions lead to the conclusion that matter is made of atoms?Ã‚Â 
This question can be reasonably answered in around 75 words or fewer.","The Law of Multiple Proportions states that elements can combine in different ratios to form different compounds. However, looking at the data above. We see that X:Y ratio in compound 1 is 4:1 and 1.5:1 in compound 2 which is also a 3:2 ratio when multiplying the ratio by 2. The integers in the ratios indicate that the elements are combining in units, leading to the conclusion that matter is made up of atoms, which are these units of mass.Â ",True,True,True,True,False,True,False,False,,,Q4,5.0
2f17f741-d6a7-405f-9dda-c4c2c559852f,"431982: How did the Law of Multiple Proportions lead to the conclusion that matter is made of atoms?Ã‚Â 
This question can be reasonably answered in around 75 words or fewer.","The law of multiple proportions contributed to the conclusion of the existence that matter is made of atoms by comparing data. When comparing data of the percentage of mass of compounds the containing two elements, it can be analyzed that the masses of one element that combine with fixed mass of the other element form simple integer ratios.Â  The formation of simple integer ratios allowed the conclusion to be made that all elements are made of fixed units of mass which we refer these particles to as atoms.Â Â ",True,False,True,True,True,True,False,False,,,Q4,6.0
13da305f-f9cd-48af-9a4b-77634385d9c6,"431982: How did the Law of Multiple Proportions lead to the conclusion that matter is made of atoms?Ã‚Â 
This question can be reasonably answered in around 75 words or fewer.","The law of multiple proportions states that different compounds of the same element have one element fixed, the other elements will be in simple integer ratios between the compounds. This means that the law of multiple proportions was counting individual units of matter. The law of combining volumes stated that gases combine in integer ratios by volume which means that it was also counting individual units. Both of these laws were counting the same individual units which we now call atoms.",True,True,True,True,True,False,False,False,,,Q4,6.0
