sis_id,Prompt,student_response,Score,Correct response,Incorrect/Blank response,Sentence 1 is correct. Valence bond theory describes that atomic orbitals must be half-filled to participate in covalent bonding.,"Sentence 2: Correct number of hybrid orbitals. In this molecule, carbon must form three hybrid orbitals to form three electron domains.",Sentence 2: Correct type of hybrid orbitals. Carbon must form sp2 hybrid orbitals (from using a 2s and two 2p orbitals),Sentence 3: Correctly states that nitrogen is hybridized,Sentence 3: Correct type of hybridization. Nitrogen is sp2 hybridized to form 3 electron domains,Sentence 3: Correct description of hybrid orbital bonds in nitrogen. Two sp2 orbitals form two sigma bonds.,Sentence 3: Correct description of unhybridized orbital bonds in nitrogen. Unhybridized p orbital forms pi bond,Adjustment,Comments,question_id,reasoning
abf8091a-529e-4c19-9c9f-0a684ad70583,"424062: A CHEM 121 student was asked what hybrid orbitals must be present to form methanimine (CH2NH), for which a correct Lewis structure is shown below:

TheÃ‚Â student responded:
According to valence bond theory, Carbon cannot form four bonds because it only has two unpaired valence electrons. So, it has to form four sp3 hybrid orbitals to create the four bonds. Nitrogen doesnÃ¢â‚¬â„¢t need to hybridize because it already has three unpaired 2p valence electrons to form the three bonds with Carbon and Hydrogen.Ã‚Â 
Assess the accuracy and logic of the studentÃ¢â‚¬â„¢s response: briefly explain whether the reasoning presented is logical, noting what information is correct or incorrect and providing correct logical reasoning and explanation where needed.
This question can be reasonably answered in 150 words or fewer.","Sentence 1: This is inaccurate since Carbon does not have two unpaired electrons; all the electrons are in a respected bond, it just has a double bond, so there are three electron domains by the valence bond theory.

Sentence 2: It actually forms 3 sp2Â hybrid orbitals because there are three electron domains.Â  To account for the 4th electron domain to fit everything, it will form a p orbital.

Sentence 3: This is inaccurate because Nitrogen has two 2p valence electrons, helping it come to the conclusion that there are 3 electron domains, so it has a sp2 hybridization like Carbon since the double bond is one, the single bond is another, and the lone pair is the last.",2.0,,,,,,,,,,,incorrect statements,Q3,"OBSERVATION: The student incorrectly states that Carbon has two unpaired valence electrons and needs to form four sp3 hybrid orbitals. They also misinterpret Nitrogen's hybridization and electron configuration.

POSSIBLE EXPLANATIONS:
- Student has a fundamental misunderstanding of hybridization and electron configuration → Would expect: significant inaccuracies in reasoning and terminology.
- Student is confused by the concept of electron domains and bonding → Would expect: some correct terms but misapplied concepts.
- Student is attempting to apply valence bond theory but lacks clarity on the specifics → Would expect: partial understanding with some correct elements but overall flawed reasoning.

BEST EXPLANATION: The student demonstrates a fundamental misunderstanding of hybridization and electron configuration for both Carbon and Nitrogen, leading to incorrect conclusions about their bonding and hybridization states.

INFERENCE: The student shows a lack of understanding of key concepts in valence bond theory and hybridization, resulting in significant inaccuracies.

SCORE: 2"
9180aecf-2ba7-448f-ba71-e13492f237b4,"424062: A CHEM 121 student was asked what hybrid orbitals must be present to form methanimine (CH2NH), for which a correct Lewis structure is shown below:

TheÃ‚Â student responded:
According to valence bond theory, Carbon cannot form four bonds because it only has two unpaired valence electrons. So, it has to form four sp3 hybrid orbitals to create the four bonds. Nitrogen doesnÃ¢â‚¬â„¢t need to hybridize because it already has three unpaired 2p valence electrons to form the three bonds with Carbon and Hydrogen.Ã‚Â 
Assess the accuracy and logic of the studentÃ¢â‚¬â„¢s response: briefly explain whether the reasoning presented is logical, noting what information is correct or incorrect and providing correct logical reasoning and explanation where needed.
This question can be reasonably answered in 150 words or fewer.","The first sentence is mostly correct- valence bond theory states that bonds are formed by the overlap of half-filled atomic orbitals, so with its electrons in their normal atomic orbitals and not hybridized, carbon would be unable to form 4 bonds.Â 

The second sentence is incorrect. Carbon is surrounded by 3 electron domains, so it forms 3 sp2 hybridized orbitals to form 3 sigma bonds. The fourth bond is a pi bond formed by one of Carbon's 2p orbitals.

The third sentence is incorrect. Nitrogen is surrounded by three electron domains, so the only way for it to follow VSEPR molecular geometry is to have 3 hybridized sp2 orbitals. If the bonds were formed by the overlap of p orbitals, the bond angles would all be 90 degrees, which is not what is experimentally observed.",4.0,,,,,,,,,,,,Q3,"OBSERVATION: The student correctly identifies that carbon cannot form four bonds without hybridization but incorrectly states that it forms sp3 hybrid orbitals and misrepresents nitrogen's hybridization.

POSSIBLE EXPLANATIONS:
- Student has a basic understanding of valence bond theory but lacks clarity on hybridization → Would expect some correct concepts but significant errors in application.
- Student is confused about the hybridization of carbon and nitrogen → Would expect a mix of correct and incorrect statements with a misunderstanding of electron domains.
- Student is attempting to apply concepts but misapplies them due to a lack of deeper understanding → Would expect some logical reasoning but flawed conclusions.

BEST EXPLANATION: The student demonstrates a basic understanding of valence bond theory but misapplies the concepts of hybridization for both carbon and nitrogen, indicating confusion about electron domains and molecular geometry.

SCORE: 4"
193a299e-c99e-4e56-9410-2614c6db42ee,"424062: A CHEM 121 student was asked what hybrid orbitals must be present to form methanimine (CH2NH), for which a correct Lewis structure is shown below:

TheÃ‚Â student responded:
According to valence bond theory, Carbon cannot form four bonds because it only has two unpaired valence electrons. So, it has to form four sp3 hybrid orbitals to create the four bonds. Nitrogen doesnÃ¢â‚¬â„¢t need to hybridize because it already has three unpaired 2p valence electrons to form the three bonds with Carbon and Hydrogen.Ã‚Â 
Assess the accuracy and logic of the studentÃ¢â‚¬â„¢s response: briefly explain whether the reasoning presented is logical, noting what information is correct or incorrect and providing correct logical reasoning and explanation where needed.
This question can be reasonably answered in 150 words or fewer.","Sentence 1: incorrect; Valence Bond Theory cannot be used to determine this information. Also, carbon has four unpaired valence electrons.

Sentence 2: incorrect; wrong logic.Â 

Sentence 3: incorrect; this does not stop nitrogen from hybridizing.Â ",2.0,,,,,,,,,,,,Q3,"OBSERVATION: The student incorrectly states that carbon cannot form four bonds and claims it has only two unpaired valence electrons. They also incorrectly assert that nitrogen does not need to hybridize.

POSSIBLE EXPLANATIONS:
- Student misunderstands basic concepts of valence bond theory and hybridization → Would expect: significant errors in reasoning and application of concepts.
- Student is confused about the electron configuration of carbon and nitrogen → Would expect: misapplied concepts but some correct elements.
- Student is attempting to apply valence bond theory but lacks a clear understanding of hybridization → Would expect: some logical structure but flawed conclusions.

BEST EXPLANATION: The student demonstrates a fundamental misunderstanding of the hybridization process and the electron configurations of carbon and nitrogen, leading to incorrect conclusions about bonding.

INFERENCE: The response shows a lack of understanding of key concepts in hybridization and valence bond theory, resulting in multiple inaccuracies.

SCORE: 2"
f10e4fbd-8fec-485b-ace4-3059a9bc4a33,"424062: A CHEM 121 student was asked what hybrid orbitals must be present to form methanimine (CH2NH), for which a correct Lewis structure is shown below:

TheÃ‚Â student responded:
According to valence bond theory, Carbon cannot form four bonds because it only has two unpaired valence electrons. So, it has to form four sp3 hybrid orbitals to create the four bonds. Nitrogen doesnÃ¢â‚¬â„¢t need to hybridize because it already has three unpaired 2p valence electrons to form the three bonds with Carbon and Hydrogen.Ã‚Â 
Assess the accuracy and logic of the studentÃ¢â‚¬â„¢s response: briefly explain whether the reasoning presented is logical, noting what information is correct or incorrect and providing correct logical reasoning and explanation where needed.
This question can be reasonably answered in 150 words or fewer.",,2.0,,,,,,,,,,,,Q3,"OBSERVATION: The student incorrectly states that carbon cannot form four bonds due to having only two unpaired valence electrons and claims it must use sp3 hybridization, which is not accurate for methanimine. They also incorrectly assert that nitrogen does not need to hybridize, despite the presence of a lone pair and the need for hybridization to form bonds.

POSSIBLE EXPLANATIONS:
- Student misunderstands hybridization concepts → Would expect: incorrect reasoning about bonding and hybridization.
- Student has partial understanding of valence bond theory → Would expect: some correct terms but misapplied concepts.
- Student is confused about the bonding in methanimine → Would expect: a mix of correct and incorrect statements about carbon and nitrogen.

BEST EXPLANATION: The student demonstrates a misunderstanding of hybridization and bonding in methanimine, incorrectly applying valence bond theory to both carbon and nitrogen.

INFERENCE: The response shows significant misconceptions about hybridization and bonding, leading to incorrect conclusions.

SCORE: 2"
40114645-626c-4eb8-a0c2-1f2c919cf910,"424062: A CHEM 121 student was asked what hybrid orbitals must be present to form methanimine (CH2NH), for which a correct Lewis structure is shown below:

TheÃ‚Â student responded:
According to valence bond theory, Carbon cannot form four bonds because it only has two unpaired valence electrons. So, it has to form four sp3 hybrid orbitals to create the four bonds. Nitrogen doesnÃ¢â‚¬â„¢t need to hybridize because it already has three unpaired 2p valence electrons to form the three bonds with Carbon and Hydrogen.Ã‚Â 
Assess the accuracy and logic of the studentÃ¢â‚¬â„¢s response: briefly explain whether the reasoning presented is logical, noting what information is correct or incorrect and providing correct logical reasoning and explanation where needed.
This question can be reasonably answered in 150 words or fewer.","Sentence 1: False; Carbon has 4 bonds and it uses all 4 of those bonds creating sp2 hybid orbitalsÂ 

Sentence 2: Correct

Sentence 3: False; because nitrogen will be hybridized too.Â ",3.0,,,,,,,,,,,,Q3,"OBSERVATION: The student incorrectly states that carbon cannot form four bonds and claims it uses sp3 hybrid orbitals, while correctly noting that nitrogen has three unpaired electrons but incorrectly asserts that nitrogen does not need to hybridize.

POSSIBLE EXPLANATIONS:
- Student misunderstands hybridization concepts → Would expect: incorrect reasoning about carbon and nitrogen hybridization.
- Student has partial understanding of bonding → Would expect: some correct statements but significant errors in reasoning.
- Student is confused about valence bond theory → Would expect: misapplication of concepts related to bonding and hybridization.

BEST EXPLANATION: The student demonstrates a misunderstanding of carbon's bonding capabilities and the necessity of hybridization for both carbon and nitrogen in methanimine.

INFERENCE: The student shows partial understanding of nitrogen's bonding but fundamentally misapplies concepts related to carbon's hybridization and bonding.

SCORE: 3"
5215e546-6c5f-478e-a74d-ad255a2af56b,"424062: A CHEM 121 student was asked what hybrid orbitals must be present to form methanimine (CH2NH), for which a correct Lewis structure is shown below:

TheÃ‚Â student responded:
According to valence bond theory, Carbon cannot form four bonds because it only has two unpaired valence electrons. So, it has to form four sp3 hybrid orbitals to create the four bonds. Nitrogen doesnÃ¢â‚¬â„¢t need to hybridize because it already has three unpaired 2p valence electrons to form the three bonds with Carbon and Hydrogen.Ã‚Â 
Assess the accuracy and logic of the studentÃ¢â‚¬â„¢s response: briefly explain whether the reasoning presented is logical, noting what information is correct or incorrect and providing correct logical reasoning and explanation where needed.
This question can be reasonably answered in 150 words or fewer.","The student's first statement is incorrect. Valence bond theory describes a covalent bond as the overlap of half-filled atomic orbitals. This does not inhibit carbon from forming more than two bonds, as the hybridization of carbon's electrons into Ïƒ and Ï€ orbitals orbitals during molecular bonding will allow it to form four bonds by valence bond theory. The student's second statement is also false; the hybrid orbitals surrounding carbon are sp2 due to the 3 electron domains surrounding the central carbon atom. Finally, the student's last statement is also incorrect because the Nitrogen atom will still hybridize as sp2 despite its three unpaired 2p valence electrons simply because its central atom has 3 electron domains.Â ",2.0,,,,,,,,,,,"Some correct logic about sentence 1, but you need to use hybrid orbital theory, not molecular orbital theory",Q3,"OBSERVATION: The student incorrectly states that carbon cannot form four bonds due to having only two unpaired valence electrons and claims that nitrogen does not need to hybridize.

POSSIBLE EXPLANATIONS:
- Student misunderstands valence bond theory and hybridization → Would expect: fundamental misconceptions about bonding and hybridization.
- Student has partial knowledge but misapplies concepts → Would expect: some correct reasoning but significant errors.
- Student is confused about the nature of hybridization and electron domains → Would expect: a mix of correct and incorrect statements regarding bonding.

BEST EXPLANATION: The student demonstrates a fundamental misunderstanding of valence bond theory and hybridization, incorrectly asserting that carbon cannot form four bonds and that nitrogen does not hybridize, despite the presence of three electron domains.

INFERENCE: The student shows significant misconceptions about hybridization and bonding, leading to incorrect conclusions about the molecular structure of methanimine.

SCORE: 2"
945e933e-60c6-4e77-acf7-a5fd718a686e,"424062: A CHEM 121 student was asked what hybrid orbitals must be present to form methanimine (CH2NH), for which a correct Lewis structure is shown below:

TheÃ‚Â student responded:
According to valence bond theory, Carbon cannot form four bonds because it only has two unpaired valence electrons. So, it has to form four sp3 hybrid orbitals to create the four bonds. Nitrogen doesnÃ¢â‚¬â„¢t need to hybridize because it already has three unpaired 2p valence electrons to form the three bonds with Carbon and Hydrogen.Ã‚Â 
Assess the accuracy and logic of the studentÃ¢â‚¬â„¢s response: briefly explain whether the reasoning presented is logical, noting what information is correct or incorrect and providing correct logical reasoning and explanation where needed.
This question can be reasonably answered in 150 words or fewer.","1st sentence: ""carbon cannot form four bonds""

This is incorrect. Carbon can form four bonds and does so with regularity.

1st sentence: ""carbon only has two unpaired electrons""

This is true but does not limit carbon from making more bonds.

2nd sentence: ""has to form four sp3 hybrid orbitals""

This is incorrect. The carbon in this structure has a trigonal planar geometry and thus forms 3 sp2 hybrid orbitals. The pi bond formed between the carbon and nitrogen is formed with a remaining p orbital.

3rd sentence: ""nitrogen doesn't need to hybridize""

This is incorrect. Due to electron domain theory, nitrogen also has a trigonal planar shape and thus has 3 sp2 hybrid orbitals as well.",2.0,,,,,,,,,,,,Q3,"OBSERVATION: The student incorrectly states that carbon cannot form four bonds and misidentifies the hybridization states of both carbon and nitrogen in methanimine.

POSSIBLE EXPLANATIONS:
- Student has a fundamental misunderstanding of carbon's bonding capabilities → Would expect: significant errors in reasoning about hybridization and bonding.
- Student is confused about hybridization and electron pairing → Would expect: some correct concepts but major misconceptions.
- Student is attempting to apply valence bond theory but lacks clarity on the specifics → Would expect: partial understanding with some correct elements but overall incorrect conclusions.

BEST EXPLANATION: The student demonstrates a fundamental misunderstanding of carbon's ability to form bonds and the hybridization required for both carbon and nitrogen in methanimine.

INFERENCE: The student shows significant misconceptions about basic bonding theory and hybridization, leading to incorrect conclusions.

SCORE: 2"
12e15290-39c0-4305-99bc-605a9234200e,"424062: A CHEM 121 student was asked what hybrid orbitals must be present to form methanimine (CH2NH), for which a correct Lewis structure is shown below:

TheÃ‚Â student responded:
According to valence bond theory, Carbon cannot form four bonds because it only has two unpaired valence electrons. So, it has to form four sp3 hybrid orbitals to create the four bonds. Nitrogen doesnÃ¢â‚¬â„¢t need to hybridize because it already has three unpaired 2p valence electrons to form the three bonds with Carbon and Hydrogen.Ã‚Â 
Assess the accuracy and logic of the studentÃ¢â‚¬â„¢s response: briefly explain whether the reasoning presented is logical, noting what information is correct or incorrect and providing correct logical reasoning and explanation where needed.
This question can be reasonably answered in 150 words or fewer.","Sentence 1: the student is correct because the single electrons would be what forms bonds with another single electron when they overlap.

Sentence 2: the student is incorrect because it forms sp2 orbitals.Â 

Sentence 3: the student is incorrect because it has sp hybridization. It also have 5 valence electrons, not three.Â ",4.0,,,,,,,,,,,,Q3,"OBSERVATION: The student claims that Carbon forms four sp3 hybrid orbitals and that Nitrogen does not need to hybridize, which is incorrect. The correct hybridization for Carbon in methanimine is sp2, and Nitrogen should be considered as having sp2 hybridization as well due to its bonding situation.

POSSIBLE EXPLANATIONS:
- Student has a basic understanding of hybridization but misapplies it → Would expect some correct reasoning but significant errors.
- Student is confused about the number of unpaired electrons and hybridization → Would expect a misunderstanding of bonding and electron configuration.
- Student is attempting to apply valence bond theory but lacks clarity on the specifics of hybridization in this context → Would expect partial understanding with some correct elements.

BEST EXPLANATION: The student demonstrates some understanding of bonding and valence electrons but misapplies the concept of hybridization for both Carbon and Nitrogen, leading to incorrect conclusions.

INFERENCE: The student shows partial understanding of bonding concepts but has significant misconceptions regarding hybridization.

SCORE: 4"
26421893-1cc8-4128-982e-a226ab7a8b62,"424062: A CHEM 121 student was asked what hybrid orbitals must be present to form methanimine (CH2NH), for which a correct Lewis structure is shown below:

TheÃ‚Â student responded:
According to valence bond theory, Carbon cannot form four bonds because it only has two unpaired valence electrons. So, it has to form four sp3 hybrid orbitals to create the four bonds. Nitrogen doesnÃ¢â‚¬â„¢t need to hybridize because it already has three unpaired 2p valence electrons to form the three bonds with Carbon and Hydrogen.Ã‚Â 
Assess the accuracy and logic of the studentÃ¢â‚¬â„¢s response: briefly explain whether the reasoning presented is logical, noting what information is correct or incorrect and providing correct logical reasoning and explanation where needed.
This question can be reasonably answered in 150 words or fewer.","Carbon is not just unable to form 4 bonds because it only has 2 unpaired valence electrons because hybrid orbital theory rather refers to electron domains.

The student stated that the carbon atom has to form four sp^3 orbitals to create the four bonds which corresponds to hybrid orbital theory and since sp^3 orbital form a tetrahedral geometry then it forms 4 hybrid orbitals/electron domains and not necessarily just 4 bonds.

Last sentence pretty accurate.",4.0,,,,,,,,,,,,Q3,"OBSERVATION: The student incorrectly states that carbon cannot form four bonds due to having only two unpaired valence electrons and suggests that it must hybridize to sp³. They correctly mention that nitrogen does not need to hybridize due to having three unpaired electrons.

POSSIBLE EXPLANATIONS:
- Student misunderstands hybridization and electron pairing → Would expect: incorrect reasoning about bonding and hybridization.
- Student has partial understanding of hybridization but misapplies it → Would expect: some correct concepts but flawed logic.
- Student fully understands hybridization but miscommunicates their reasoning → Would expect: clear and accurate explanation of bonding.

BEST EXPLANATION: The student demonstrates partial understanding of hybridization and bonding concepts but misrepresents the reasoning behind carbon's ability to form four bonds, indicating confusion about electron domains and hybridization.

INFERENCE: The student shows some grasp of the concepts but has significant misunderstandings regarding the principles of hybridization and bonding.

SCORE: 4"
03bfd974-3d84-47c8-8f76-9da5be0b0a58,"424062: A CHEM 121 student was asked what hybrid orbitals must be present to form methanimine (CH2NH), for which a correct Lewis structure is shown below:

TheÃ‚Â student responded:
According to valence bond theory, Carbon cannot form four bonds because it only has two unpaired valence electrons. So, it has to form four sp3 hybrid orbitals to create the four bonds. Nitrogen doesnÃ¢â‚¬â„¢t need to hybridize because it already has three unpaired 2p valence electrons to form the three bonds with Carbon and Hydrogen.Ã‚Â 
Assess the accuracy and logic of the studentÃ¢â‚¬â„¢s response: briefly explain whether the reasoning presented is logical, noting what information is correct or incorrect and providing correct logical reasoning and explanation where needed.
This question can be reasonably answered in 150 words or fewer.","1. this is true that Carbon cannot form four bonds due to VBTÂ  . However the student should explainÂ  that VBT says that half filled orbitals overlap to create a bond not necessarily that the e-'s are unpaired, in VBT we look at the AO's.Â 

2. this is false. If we take a look at Carbon in the Lewis structure, we have to count the number of electron domains surrounding Carbon, which is only 3 electron domains. The student counted four which means they counted a double bond as 2 separate domains which is not correct. Because Carbon is only surrounded by 3 ED, then it must for 3 sp2 hybrid orbitals.Â 

3. This is false. Nitrogen does have 3 unpaired electrons, and 3 ED surrounding it, however, it must still create hybrid orbitals in order to have the mlcr geometry it will have. 3 ED's corresponds to trigonal planar (electronic geometry) which means that the bond angles should be about 120 degrees (of course N actually has a bent mlcr geometry so the angle will be less than 120 but still). Nitrogen's Ve-s are in both 2s orbitals and 2p orbitals,, looking only at the 2p we know that each p orbital is 90 degrees from one another, so therefore if it bonded like that, the bond angle would be 90 degrees which we know is not the case. Therefore nitrogen must also have hybrid orbitals. In this case it will be sp2 orbitals.Â ",3.0,,,,,,,,,,,some correct logic about sentence 1,Q3,"OBSERVATION: The student incorrectly states that Carbon cannot form four bonds due to having only two unpaired electrons and miscounts the electron domains, leading to the conclusion that it must use sp3 hybridization. They also incorrectly assert that Nitrogen does not need to hybridize, despite having three electron domains that require sp2 hybridization for proper geometry.

POSSIBLE EXPLANATIONS:
- Student misunderstands valence bond theory and hybridization → Would expect: significant errors in reasoning and application of concepts.
- Student has partial understanding but misapplies concepts → Would expect: some correct statements mixed with errors.
- Student has a superficial grasp of the topic and relies on memorization → Would expect: vague or incorrect reasoning without logical connections.

BEST EXPLANATION: The student demonstrates a misunderstanding of hybridization and electron domain counting, leading to incorrect conclusions about both Carbon and Nitrogen's hybridization states.

INFERENCE: The student shows some understanding of valence bond theory but fails to apply it correctly, resulting in significant conceptual errors.

SCORE: 3"
de3a6c1a-03ed-4a5e-8858-3cd6f06262bb,"424062: A CHEM 121 student was asked what hybrid orbitals must be present to form methanimine (CH2NH), for which a correct Lewis structure is shown below:

TheÃ‚Â student responded:
According to valence bond theory, Carbon cannot form four bonds because it only has two unpaired valence electrons. So, it has to form four sp3 hybrid orbitals to create the four bonds. Nitrogen doesnÃ¢â‚¬â„¢t need to hybridize because it already has three unpaired 2p valence electrons to form the three bonds with Carbon and Hydrogen.Ã‚Â 
Assess the accuracy and logic of the studentÃ¢â‚¬â„¢s response: briefly explain whether the reasoning presented is logical, noting what information is correct or incorrect and providing correct logical reasoning and explanation where needed.
This question can be reasonably answered in 150 words or fewer.","Sentence 1:Â  Carbon does have two unpaired valence electrons, but they don't dictate when hybridization happens.Â  Hybridization happens happens in order to share electrons.

Sentence 2: Correct. Carbon forms sp3 hybrid orbitals in the case of this molecule in order to create the four bonds shown.

Sentence 3: Incorrect. Nitrogen also hybridizes.Â  It also does not have three unpaired valence electrons.Â  Nitrogen must hybridize in order for bonding to occur/ so that electrons can be shared.",4.0,,,,,,,,,,,,Q3,"OBSERVATION: The student correctly identifies that carbon forms sp3 hybrid orbitals but incorrectly states that nitrogen does not need to hybridize and misrepresents nitrogen's unpaired electrons.

POSSIBLE EXPLANATIONS:
- Student has a basic understanding of hybridization but lacks depth → Would expect some correct statements but significant errors.
- Student is confused about the role of hybridization in bonding → Would expect misunderstandings about both carbon and nitrogen.
- Student has memorized some facts but cannot apply them correctly → Would expect correct terms used but misapplied concepts.

BEST EXPLANATION: The student demonstrates a partial understanding of hybridization, correctly identifying carbon's hybridization but misunderstanding nitrogen's role and electron configuration.

INFERENCE: The student shows some grasp of the concepts but has significant misconceptions regarding nitrogen's hybridization and electron pairing.

SCORE: 4"
f10f9648-ab50-42c8-934d-2dd04858b10b,"424062: A CHEM 121 student was asked what hybrid orbitals must be present to form methanimine (CH2NH), for which a correct Lewis structure is shown below:

TheÃ‚Â student responded:
According to valence bond theory, Carbon cannot form four bonds because it only has two unpaired valence electrons. So, it has to form four sp3 hybrid orbitals to create the four bonds. Nitrogen doesnÃ¢â‚¬â„¢t need to hybridize because it already has three unpaired 2p valence electrons to form the three bonds with Carbon and Hydrogen.Ã‚Â 
Assess the accuracy and logic of the studentÃ¢â‚¬â„¢s response: briefly explain whether the reasoning presented is logical, noting what information is correct or incorrect and providing correct logical reasoning and explanation where needed.
This question can be reasonably answered in 150 words or fewer.","Sentence 1: Although the valence bond theory does say that only half filled orbitals can participate in bonding, the theory also encompasses the idea of hybridization. The student is incorrect because the four sp3 hybrid orbitalsÂ 

Sentence 2: The student is incorrect because looking at the Lewis structure, we can see that carbon has three ED's, which means that its hybridization is sp2, not sp3. Carbon would need 3 sp2 hybrid oribtals and one p orbital.Â 

Sentence 3:Â ",4.0,,,,,,,,,,,,Q3,"OBSERVATION: The student incorrectly states that carbon forms four sp3 hybrid orbitals and misinterprets the hybridization state based on the Lewis structure of methanimine.

POSSIBLE EXPLANATIONS:
- Student misunderstands hybridization concepts → Would expect: confusion about bonding and hybridization.
- Student has partial understanding of valence bond theory → Would expect: some correct elements but significant errors in reasoning.
- Student is aware of hybridization but misapplies it → Would expect: correct identification of carbon's bonding but incorrect hybridization.

BEST EXPLANATION: The student demonstrates some understanding of valence bond theory but incorrectly identifies the hybridization state of carbon in methanimine, leading to a fundamental error in their reasoning.

INFERENCE: The student shows partial understanding of bonding concepts but fails to apply them correctly to the specific case of methanimine.

SCORE: 4"
35810c75-fb93-41e0-ba01-0de153ae790b,"424062: A CHEM 121 student was asked what hybrid orbitals must be present to form methanimine (CH2NH), for which a correct Lewis structure is shown below:

TheÃ‚Â student responded:
According to valence bond theory, Carbon cannot form four bonds because it only has two unpaired valence electrons. So, it has to form four sp3 hybrid orbitals to create the four bonds. Nitrogen doesnÃ¢â‚¬â„¢t need to hybridize because it already has three unpaired 2p valence electrons to form the three bonds with Carbon and Hydrogen.Ã‚Â 
Assess the accuracy and logic of the studentÃ¢â‚¬â„¢s response: briefly explain whether the reasoning presented is logical, noting what information is correct or incorrect and providing correct logical reasoning and explanation where needed.
This question can be reasonably answered in 150 words or fewer.","The student's first statement about valence bond theory is correct. The student is incorrect in stating that the carbon must form four sp3 orbitals. From the lewis diagram, the carbon does have 4 bonds, but because the C-N bond is a double bond, carbon only has 3 electron domains. This means the carbon would hybridize to an sp2 hybrid orbital. The student's assessment that nitrogen doesn't need to hybridize is correct as nitrogen does have 3 unpaired electrons in the 2p orbital, allowing it to make 3 bonds without hybridization.",4.0,,,,,,,,,,,,Q3,"OBSERVATION: The student correctly identifies that carbon has two unpaired valence electrons and discusses valence bond theory, but incorrectly concludes that carbon must form four sp3 hybrid orbitals instead of recognizing the need for sp2 hybridization due to the double bond with nitrogen. The student's assertion about nitrogen not needing to hybridize is accurate.

POSSIBLE EXPLANATIONS:
- Student has a basic understanding of hybridization but misapplies the concept → Would expect some correct reasoning but significant errors in hybridization.
- Student is confused about the relationship between electron domains and hybridization → Would expect a misunderstanding of how double bonds affect hybridization.
- Student understands the role of unpaired electrons but lacks clarity on hybridization specifics → Would expect partial understanding with some correct and some incorrect statements.

BEST EXPLANATION: The student demonstrates a basic understanding of valence bond theory and the role of unpaired electrons but misapplies the hybridization concept for carbon in methanimine.

INFERENCE: The student shows partial understanding of the concepts but makes a significant error regarding the hybridization of carbon.

SCORE: 4"
