ID,Task_Type,Question,Essay,Examiner_Comments,Overall_Score,reasoning
70,2,"Write about the following topic.Information technology is changing many aspects of our lives and now dominates our home, leisure and work activities.To what extent do the benefits of information technology outweigh the disadvantages?Give reasons for your answer and include any relevant examples from your own knowledge or experience.","Information technology has become a focus of attention. I basically agree that it plays an important role in our life, although it also can pose a threat to personal privacy.
One benefit of using Information technology such as internet in our lifes is that it is convenient to get knowledge at any condition. In the past, we only could learn something in library. For many people who live far away from those kinds of facilities, it would be impossible to get knowledge immediately. But, advanced information technology solves this problem. no matter where you are, as long as you have a smart phone, you can gain new knowledge from all over the world.
Another benefit is that it helps us enhance the bond between friends. For example, we can contact with any friend though instant message applications like wechat app. The public can impress their emtion to anyone in any moment. There are no gaps in different groups or communities. Some traditonal ways including letters can not do the same.
On the other hand, there in no denying that information technology would release our personal privacy. At present, information technology is used in every field that we can imagine like education or workplace. It is not uncommon for the young user to reseive strange call. In the phone call, they know my full name, correct address of household and telephone number. The amount of this phenomenon increase dramatically with the level of information technology. We may release our personal information without imagining.
Overall, rather than do focus on applying information technology in every area. Only by finding the appropriate balance between development of information technology and personal privacy, can we explore the ture value of this technology.",,5.0,"The student presents a balanced view of the benefits and disadvantages of information technology, providing relevant examples and acknowledging the issue of personal privacy. However, there are several grammatical errors and some unclear phrasing that detract from the overall clarity of the argument. The best explanation is that the student has a reasonable understanding of the topic and can articulate their thoughts, but their writing lacks polish and coherence. 

SCORE: 5"
95,1,The pie charts below show the average household expenditures in a country in 1950 and 2010.,"The pie charts compare one country's household spending between two years, 1950 and 2010.
Over all, in 1950 the majority of household expenditures was spent on housing, however, in 2010, households spent mostly on food. For transportation and the item ""other,"" while they used to share less than a quater of percentages in 1950, the money spent on these items had spiked in 1950.
In 1950, almost three quarters of the expenditures was used on housing at 72,1%, while this figure had been lowered to 22% in 2010. Instead, money spent on food had increased from 11.2% to 34%, making food the item with the highest percentage of use. Money spent on other expenditures and transportation was risen drastically in 2010 at 19.2%, 14% respectively. These categories used to share less than 10% combined in 1950. Likewise, people spent two times higher money in healthcare, making it receive 4.5% in 2010.
Education was the only item that households paid slightly less on: the percentage was decreased 0.3% in 2010, making it share 6.3% of the chart.",,6.0,"The student provides a comparative analysis of household expenditures over two decades, accurately noting significant changes in spending patterns. Possible explanations include: the student has a solid understanding of the data and can interpret trends, or they may have misinterpreted some figures leading to inaccuracies. The best explanation is that the student demonstrates a good grasp of the overall trends and specific data points, but there are minor inaccuracies in the interpretation of percentages and phrasing. 

SCORE: 6"
111,2,Some people think the money spent in developing the technology for space exploration is not justified. There are more beneficial ways to spend this money. To what extend do you agree or disagree?,"For years, space has fascinated humans. The idea that there could be life on other planets, as well as the challenge of exploring as much of the universe as possible, has been one that has excited everyone from top physicists, to the youngest child playing with her space ship toys. But is the money spent on exploration of the universe justified or should it rather be allocated to helping those on this planet? I believe that space exploration is justified. In this essay, the motivation for space exploration will be explored.
Planet Earth is ill. Humans have polluted the planet and destroying natural resources. Some might argue that the damage is irreparable. Global warming is causing the Earth's temperature to steadily rise. There is a possibility that in the next few centuries, the planet may become inhabitable. Scientists like Elon Musk have recognised the dire situation that the Earth is in, and have started looking for an alternative new home planet. It is possible that in the coming years, there will be no other option than to move to a planet like Mars. Therefore, the costs involved in exploring this planet are justified, if it is to house the entire human race.
Space exploration also allows for new discoveries. New minerals or compounds could be discovered on distant planets. These could possibly be used on Earth in various new technologies, or even in medical science to treat illness or disease. This could be invaluable to humankind.
Since the dawn of the human race, a characteristic that separates us from our animal relatives, is our ability to tinker with existing knowledge, as well as learn new things. It has lead to humans becoming the dominant force on the planet. New ideas prevent us from becoming stagnant, thus driving progress. If we continue to learn new things from space exploration, we prevent stagnation.
Lastly, the idea that there could be life on other planets is one that has merit, in my opinion. Humans cannot be so arrogant to think that there is no other life in the universe.
In conclusion, it can be argued that space exploration does not hold merit and should be discontinued. But the benefits that it offers outweigh the shortcomings.",,6.0,"OBSERVATION: The student presents a clear argument in favor of space exploration, citing reasons such as the potential for finding new habitable planets, discovering new materials, and the importance of human curiosity and progress.

POSSIBLE EXPLANATIONS:
- Student has a superficial understanding of the topic → Would expect vague arguments and lack of depth.
- Student understands the benefits of space exploration but lacks counterarguments → Would expect a one-sided essay with limited acknowledgment of opposing views.
- Student has a well-rounded understanding of the topic and articulates a coherent argument → Would expect a balanced discussion with clear reasoning and examples.

BEST EXPLANATION: The student demonstrates a solid understanding of the benefits of space exploration, articulating multiple reasons for its justification, though they do not adequately address counterarguments or the opposing viewpoint.

SCORE: 6"
20,1,The pictures show the changes of a park from 1980 to the present day.Summarize the information by selecting and reporting the main features and make comparisons where relevant.,"The two given pictures compare the layout of a square park between the year 1980 and the present day.
It is noticeable that several significant modifications were made over the period, which includes the new plan for lawn, access, and border, making the park more attractive for people with different purposes of visiting.
Looking at the information described above more closely, the brick wall around the park and the fence door as the entry at the bottom of the park in the year 1980 are no longer present nowadays. Instead of the sole entrance available for visitors in the past, there are four accesses located on each side of the square park now, combined through two walking paths with each other, which cross themselves in the middle of the park.
Talking about the change that occurred to the lawns inside the park, the green area was divided by the pavement into two parts in 1980, while due to the new layout of the walking part inside the park, the green area has been separated into four pieces with respective functions nowadays. The part with a small pond and a couple of sitting banks remains its initial usage for leisure, but its size has been slightly reduced. Furthermore, two new lawn parts have been created. While the one suited in the bottom right-hand corner is available for sports activities like football, the other one lying the opposite of it is applicable for picnics and barbecues with friends and family members.",,7.0,"The student provides a detailed comparison of the park's layout changes over time, highlighting specific modifications such as the number of entrances and the division of green areas. Possible explanations include that the student has a solid understanding of the task and can effectively summarize and compare information, or that they are merely listing observations without deeper insight. The best explanation is that the student demonstrates a good grasp of the changes and their implications, although some minor details could be clearer or more concise. 

SCORE: 7"
133,2,"We are becoming increasingly dependent on computers. They are used in business, hospitals, crime detection and even to fly planes. What things will they be used for in the future? Is this dependence on computers a good thing or should we be more suspicious of their benefits?","In the last two decades cybernetics have experienced a major breakthrough .This led to the utilization of computers in nearly all parts of our daily life, from personal computers to the ones performing complicated surgeries. Surely the uptake of this technology facilitates a lot of difficult tasks but is this excessive ripping the warmth out of our lives? .Most of the daily tasks individual experiences are time and effort consuming. These two qualities could be tremendously saved by the use of computers. The average period required to prepare a decent meal for a middle-class family is around an hour to hour and a half when using traditional methods. This time could be literally reduced to half if computerized are used instead. Moreover, a busy businessman is enabled to easily close a profitable deal with just a touch highly programmed laptop while enjoying his family vacation and not having to exert an extra effort of traveling long distances in order to a deal.On the other hand, new generations are growing remarkably dependent on these modern utilities, which makes them handicapped when it comes to a cup of tea. , psychologists suggest that one of the main reasons for rate increase is the recent electric inventions. This is due to the fact that humans by nature stay emotionally healthy through socializing, but due to the importance of modern technology to maintain a financially satisfying standard of life they gradually themselves. As time passes by each of these individuals gets stuck in a vicious circle of loneliness that eventually leads to suicidal attempts especially among youngsters.In conclusion, similarly to every other invention computers have their benefits and drawbacks, I personally think it all depends upon how we use the given tools . Moderation is the key here to keep the balance and allow us to live in harmony.","This is a good essay, nice vocabulary, a little too long (340 words instead of 250), a few grammatical mistakes. The topic is not fully covered (what about the “things will they be used for in future” part?).",5.0,"OBSERVATION: The student discusses the benefits and drawbacks of computer dependence, providing examples of efficiency in daily tasks and the emotional impact on individuals, but lacks clarity and coherence in some arguments.

POSSIBLE EXPLANATIONS:
- Student has a basic understanding of the topic but struggles with organization and clarity → Would expect: some relevant points but poorly articulated.
- Student is attempting to present a balanced view but lacks depth in analysis → Would expect: some insights but superficial treatment of arguments.
- Student understands the implications of technology on society but fails to effectively communicate ideas → Would expect: relevant points but with significant writing issues.

BEST EXPLANATION: Student demonstrates an understanding of both the advantages and disadvantages of computer dependence, but the essay suffers from structural and grammatical issues that hinder clarity.

SCORE: 5"
10,1,"The diagram below shows the life cycle of a salmon, from egg to adult fish.Summarise the information by selecting and reporting the main features and make comparisons where relevant.","The diagram depicts the life-cycle of the salmon, from being an egg to transforming into a fully grown adult fish.
The first stage of the salmon starts in the river, where the spawning of two mature salmons lead to the laying of eggs. The rivers have long been chosen by salmons for breeding spots because their fresh-saltless water is suitable for the eggs and the freshly hatched baby salmons to start maturing in. After emerging from the eggs, the hatchlings stay on in the fresh water till they pre-mature/partially grow. After gaining considerable size and adapting to the primary waters, they travel to the estuaries, the only stop-over between them and the oceans. Only the first of the young salmons to reach the estuaries are able to make it to the oceans. This is because once these small and stagnant water bodies get over-crowded, there is virtually no space left in them which in-turn leads to the death of many young salmons.
The young salmons who were able to survive the estuaries journey to the oceans, where the salty water increases their size and makes them fully grown. After getting the maturity to breed, they go back to the rivers from where the cycle starts all-over again.
In total, there are 8 stages in the life of a salmon to maturity, it starts in the rivers and ends in the rivers too.",,7.0,"OBSERVATION: The student provides a detailed summary of the salmon life cycle, mentioning key stages and environmental factors affecting survival.

POSSIBLE EXPLANATIONS:
- Student has a superficial understanding and is merely repeating information → Would expect: vague descriptions with little detail.
- Student understands the life cycle and its stages but lacks clarity or organization → Would expect: some correct information but poorly structured.
- Student demonstrates a solid understanding of the life cycle, including critical details and comparisons → Would expect: clear, coherent summary with relevant comparisons.

BEST EXPLANATION: Student shows a good understanding of the salmon life cycle, accurately describing stages and environmental influences, though there are minor issues with clarity and organization.

SCORE: 7"
118,2,"Nowadays, not enough students choose science subjects in university in many countries. What are the reasons for this problem? What are the effects on society?","In this essay we will talk about why in so many countries students do not prefer to choose science as a subject in the universities. There are plenty of reasons for this problem and what effect does this have on society? This essay will suggest many reasons for this problem.
The main reason of this problem is lack of trained Math and Science teachers. If students do not get proper foundation and motivation in their school life to persue science, They will develop Science and Math phobia. Due to which they will prefer to choose any other stream than science to pursue their higher education.
Eventually, this will effect society in many ways. If students stopped taking science as their majors, their will be shortage of doctors. Because of that, people will suffer from many health problems. Secondly, if students do not take science as their major there will be no placement of science teachers for the future generation. According to me, Government should take firm steps to stop this from happening. There must be some training or some programs to keep teachers up to date to enhance their teaching.This will enable teachers to make science subjects enjoyable for students, for instance, teachers may incorporate technology in the learning process.
To conclude, I belive that government and teachers should take the responsibility to create the environment to learn these subjects in a fun way. This will, eventually, increase the number of students enrolling for Science Subjects in coming future. Otherwise, it may have negative impact on society which will not be a good sign for any country.",,5.0,"The student identifies a key reason for the decline in science subject enrollment—lack of trained teachers—and discusses its societal implications, indicating a reasonable understanding of the topic. However, the essay contains several grammatical errors and lacks depth in exploring the effects on society, suggesting a partial understanding of the subject matter. The best explanation is that the student has a basic grasp of the issues but struggles with clarity and detail in their writing.

SCORE: 5"
114,1,"The diagram below shows how solar panels can be used to provide electricity for domestic use.Write a report for a university, lecturer describing the information shown below.","The diagram demonstrates how solar panels generate electricity for domestic use. Overall, the system comprises of 5 main parts, each with their own functions.
The solar panels set on the roof undertake the most important task, energy transformation. They receive heat radiated from the sun and transform it to electricity, of which the form is DC current. Then an inverter will turn the DC current into AC current, controlling the production of electricity meanwhile. The electrical panel serves as the distributor transferring the electricity to the user's house.
Utility meter is an amazing device which is able to have any excess electricity flow back to the grid through the meter. It is very considerate of the designer of the system, that they invented the utility grid, which serve as an important supplement to the solar panels, ensuring adequate electricity would be provided even once you use too much electricity that exceed the provision by the solar panels.",,7.0,"OBSERVATION: The student provides a clear description of the solar panel system, detailing the roles of each component and the process of energy transformation.

POSSIBLE EXPLANATIONS:
- Student has a superficial understanding and is merely listing components → Would expect vague descriptions or inaccuracies.
- Student understands the system well and can articulate the functions of each part → Would expect coherent explanations and logical flow.
- Student has memorized information without comprehension → Would expect misapplied terms or concepts.

BEST EXPLANATION: The student demonstrates a solid understanding of the solar panel system, accurately describing the functions of each component and the overall process of electricity generation.

SCORE: 7"
19,1,The charts below show the results of a questionnaire that asked visitors to the Parkway Hotel how they rated the hotel's customer service. The same questionnaire was given to 100 guests in the years 2005 and 2010.Summarise the information by selecting and reporting the main features and make comparisons where relevant.,"The two pie charts illustrate the satisfaction rated by visitors of Parkway Hotel's customer service, in 2005 and 2010.
Overall, it is noticable that in 2005 was mostly satisfactory and in 2010 it was mostly good. As a matter of fact, the service has increased in quality during the 5 years since, in 2005, over one third the service was rated as poor and very poor. On the other hand, in 2010, over two-thirds was rated as good and excellent.
In 2005, unfortunately only 5% of visitors said that the service was excellent, in fact 15% said it was very poor and 21% as poor. Nevertheless 45% of visitors were satisfied, but only 14% rated the service as good.
In 2010, in contrast, the service was rated as 4% as very poor, 12% as poor and 17% as satisfactory. However 28% of visitors said that the service was excellent and 39% said it was good.",,7.0,"OBSERVATION: The student provides a clear summary of the data from the pie charts, noting changes in customer satisfaction ratings between 2005 and 2010, and includes specific percentages for each category.

POSSIBLE EXPLANATIONS:
- Student has a good understanding of data interpretation → Would expect: accurate comparisons and clear trends.
- Student is summarizing without fully grasping the data → Would expect: vague statements or inaccuracies in percentages.
- Student is familiar with writing summaries but lacks detail → Would expect: general observations without specific data.

BEST EXPLANATION: The student demonstrates a solid understanding of the data presented, accurately reporting key features and making relevant comparisons between the two years.

SCORE: 7"
28,1,"The chart below shows global sales of the top five mobile phone brands between 2009 and 2013.Write a report for a university, lecturer describing the information shown below.","The chart depicts the global sales figure of the top five mobile phone companies from 2009 to 2013. Overall, it can be seen that three companies, Samsung, Apple, And ZTE increased their sales, while two companies, Nokia and LG feld down their sale.
Initially, Nokia used to be the highest sales of the other companies in 2009. It was specially close to 450 and it doubled to the second-highest sales Samsung. Then the sales figure slightly dwindled to approximately 400 in 2011, but they kept the highest sales figure. But the sales figure suddenly plummeted to 250 and resulted in the second highest sales among five companies in 2013. LG is also slightly kept reducing the sales figure and slightly dropped the sales. It was more than 100 in 2009, and hit the lowest point of around 70 in 2013.
Another notable feature is that Samsung started their sales figure around 200 in 2009, and kept boosting sales steadily. As a result, Samsung reached a peak of sales 450 and the highest sales around the world in 2013. A similar phenomenon occurred at Apple. Apple used to be the worst sales in 2009. It was far less than 50. Then the sales drastically surge to nearly 100 in 2011, and Apple also had the highest sales figure in 2013. It was 150 and this was the third highest sales of five companies.",,5.0,"OBSERVATION: The student provides a report summarizing the sales trends of mobile phone brands, mentioning specific figures and trends for each company.

POSSIBLE EXPLANATIONS:
- Student has a basic understanding of data interpretation but lacks clarity → Would expect: vague descriptions and inaccuracies.
- Student understands the trends and provides relevant details but has minor errors → Would expect: mostly accurate data with some misinterpretations.
- Student fully grasps the data and presents it clearly and accurately → Would expect: precise figures and coherent analysis.

BEST EXPLANATION: The student demonstrates a reasonable understanding of the sales trends and provides relevant details, but there are some inaccuracies in figures and phrasing, indicating partial understanding.

SCORE: 5"
57,1,"The pie charts below show how dangerous waste products are dealt with in three countries.Write a report for a university, lecturer describing the information shown below.","The three pie graphs provide information on which methods is used to deal with hazardous waste products by Republic of Korea, Sweden and the UK.
Overall, the main stricking feature is that every countries has a primary way to engage with dangerous end-of-life materials, despite using equally all of them.
The specialisation is particulary clear in the UK where the waste burryed underground cover 82% of the total, whereas in both Republic of korea and Sweden the main way of dealing with it is less then three-quarters of the total. Although for the UK and Sweden the method used is dump the materials underground, Republic of Korea favorites recycling, a process that is not used in the UK and covers only 25% in Sweden.
It is also evident that Republic of Korea and Sweden proceed in two secondary ways, which sees incineration as a last resources (9% and 20% respectively), while the 18% of the UK uncoverd by the undergorund method is split evenly between chemical treatment and dumping at sea (processes not empolyed by the other nations) and only a mere 2% get destroyed by fire.",,6.0,"OBSERVATION: The student provides a comparative analysis of the pie charts, highlighting the primary methods of hazardous waste management in each country and noting specific percentages.

POSSIBLE EXPLANATIONS:
- Student has a good understanding of the data and can summarize it effectively → Would expect: clear comparisons and accurate percentages.
- Student misinterpreted the data but attempted to analyze it → Would expect: incorrect comparisons or missing details.
- Student is familiar with the topic but lacks clarity in writing → Would expect: some correct information but with grammatical or structural issues.

BEST EXPLANATION: The student demonstrates a solid understanding of the waste management methods and provides relevant comparisons, but there are several grammatical errors and unclear phrases that detract from the overall clarity.

SCORE: 6"
83,2,"Some people say that modern technology has made shopping today easier, while others disagree. Discuss both views and give your opinion","One of the main objectives of technology is to facilitate people's lives. Nowadays, modern technology has been created to help people in several aspects of their daily lives, one of them being shopping. Some people consider that modern technology has made shopping easier, whereas, some detractors consider that these new technological gadgets have made it more difficult. I highly agree that the current technology has facilitate shopping due to the reasons explained in the following paragraphs.
On the one hand, technology has made shopping easier, because it saves people's money and time. Regarding shopping, new websites, such as, Amazon and Whish, as well as, applications, like Cornershop and Uber Eats, have enabled people to buy food, clothes and various goods from the confort of their homes. Thus, it is no longer necessary to travel to a shop, waste time in a queue and spend money in a parking ticket. This means that people can use the time that was spend in shopping on other activities (i.e., reading a book, doing sports, cooking, among others).
Moreover, technology enabled a new and varied competition in the market, making it possible that small shops, which were uknown and did not have the resources to have a physical space, now can be famous known. For instance, ""Mercado Libre"" (Free Market in English) is a website that helped several sellers make their products known to the public.
One the other hand, some detractors may indicate that technology has made shopping today more difficult, due to the lack of interpersonal relationship between the seller and the buyer. This hindrance makes it impossible to test the product before buying it. Nowadays, several people prefer staying at home and buy what they need in the internet or in an application, not being possible to have a face to face conversation with the person that it is selling a product. However, websites and applications have reviews by the consumers of the products, therefore, people can be informed of a good before it is bought.
In conclusion, modern technology may imply some complications like the lack of testing a product before buying it, however, the advantages are superior, mainly, because it has make people's lives easier, saving them time and money that could be used in other activities more enriching than going shopping.",,6.0,"OBSERVATION: The student presents a balanced discussion of both views on modern technology's impact on shopping, providing specific examples and a clear opinion favoring technology.

POSSIBLE EXPLANATIONS:
- Student has a superficial understanding of the topic → Would expect vague arguments and lack of examples.
- Student understands the topic and can articulate both sides → Would expect coherent arguments with relevant examples.
- Student has a deep understanding but lacks clarity in writing → Would expect strong arguments but with significant grammatical issues.

BEST EXPLANATION: The student demonstrates a solid understanding of the topic, articulating both perspectives effectively and providing relevant examples, though there are minor grammatical errors and awkward phrasing.

SCORE: 6"
126,2,"The use of corporal punishment (physically hitting students) in schools is in decline, yet it should be used to improve behaviour.To what extent do you agree or disagree with this statement?Give reasons for your answer, and include any relevant examples from your own knowledge or experience.","Some people believe that modifying behaviour among school-going children can be achieved through corporal punishment, and that it being on the decline in schools, is actually a negative development. I strongly disagree with this this view as I am of the opinion that there are better ways of disciplining children to instill positive behaviour, than physically hitting them.
Improvement of behaviour among children in schools can be achieved through teaching them good manners rather than using corporal punishment. This means that teachers and school staff should teach children acceptable and unacceptable behaviour as part of their school curriculum from the earleist age they enter school. This way, learners obtain knowledge required for them to practice good behaviour. For example, if a child is taught from primary school-going age that they should clean after their mess, they are likely to practise and carry this behaviour through to secondary school. That way, there would be no need to physically hit children. Although some may firmly believe that corporal punishment is a good form of discipline, it cannot be compared to the actual teaching of good behaviour.
Moreover, corporal punishment is likely to produce a fearful and resentful child rather than a well mannered child. It has been found by many researchers that children are unlikely to change their bad behaviour because they are beaten up at school. The behaviour is most likely to get worse, instead, as learners become fearful and resent their learning environment. For instance, in South Africa, some learners were reported to be disrespectful to their teachers because of a bad relationship that existed between them and their teachers as a result of corporal punishment that was inflicted on them. While it may be true that some positive behaviour changes were seen among pupils due to use of corporal punishment, this is at a very small scale.
In conclusion, I am of the view that the use of corporal punishment among school-going age children is not a desirable phenomenon, as it is unlikely to produce any required behavioural changes. Instead, instilling good manners in learners through teaching them is more effective, as physically hitting them may even worsen their undesirable behaviour.",,7.0,"The student clearly articulates a strong disagreement with corporal punishment, providing logical reasoning and examples to support their stance. Possible explanations for their knowledge state include a solid understanding of alternative disciplinary methods, a well-structured argument, and the ability to draw on relevant examples. The best explanation is that the student demonstrates a comprehensive understanding of the topic and effectively communicates their viewpoint, though there are minor spelling and grammatical errors that slightly detract from the overall clarity.

SCORE: 7"
74,2,"Some people think students should study the science of food and how to prepare it. Others think that school time should be used in learning important subjects. Discuss both views and give your opinion?Give reasons for your answer, and include any relevant examples from your own knowledge or experience.","When I was kid, I didn't known how to prepare food and that lead me to have diabet. Nowadays, some person think it is important to learn how cooked food and how it is composed. Other argue, that it is not as important as other subject. I think that to teach the science of food can help to save money and to avoid disease. On the other hand, it is important teach them climate change and other topic like biochemistery which are essential.
First of all, it is important to teach in our school how are composed food and how to cook them without spend a lot of money. On reason of that, is because we had spam of advertising around us and, if we did'nt have the good information, we could be more guillible and buy fast food. This misinformation could lead to waste money and poor choice for our health. For example, if you don't know where find carbohydrate, fiber and protein, you will choose the bad food and listen marketing.
In fact, nutrition is not the only subjet which is important, that our time is limited. Moreover, with global warming, our world could encounter a huge challenge during the next century. For instance, climate change and global warming are more important for their education rather than science of nutrition, because they need to be prepared to these big change.
In my point of view, it is important to teach nutrition to our children, because that could lead at an improvement of their health and lifestyle. In contrast, it is not the only issue in the world and they needed to know the fundamental knowledge about the world like chemistery, biology, physic to understand more advanced topics. For example, how can they understand why would needed protein if they didn't understand biochemistery.
To conclude, although, it is a good idea to teach nutrition to our children cause ofthat can help in their life to save money, have a healthy life it is as more as important to give them more primarly knowledge and information more important about the world.",,4.0,"OBSERVATION: The student presents a mixed argument about the importance of teaching nutrition versus other subjects, providing personal experience and examples, but contains several grammatical errors and unclear phrasing.

POSSIBLE EXPLANATIONS:
- Student has a basic understanding of the topic but struggles with language and structure → Would expect: unclear arguments and frequent errors.
- Student understands the importance of both nutrition and other subjects but lacks clarity in expression → Would expect: some coherent points but poorly articulated.
- Student is attempting to engage with the prompt but has limited vocabulary and writing skills → Would expect: simplistic arguments and significant language issues.

BEST EXPLANATION: The student demonstrates an understanding of the importance of nutrition and other subjects but struggles with language and coherence, leading to a somewhat disorganized essay.

SCORE: 4"
98,1,The picture below shows the plan of a museum in 1998 and after some changes were made in it in 2008. Summarise the information by selecting and reporting the main features and make comparisons where relevant.Write a report for a university lecturer describing the information shown below.,"The previous and current layouts of a museum were demonstrated in the pictures.
Overall, while the permanent exhibition room on the west side of the building was replaced by temporary exhibition room and a restaurant, the other permanent rooms on the east end were remained an deven enlarged. Additionally, the garden in the centre of the museum was renovated by adding fountains and a sitting area.
In the former plan of the museum in 1998, an entrance in the south side of the museum leads to a garden in the centre of area which was surrounded by large permanent exhibition room and a middle sized temporary exhibition room in the west end, two permanent exhibition rooms in the east side and a cafe in the north side. Next to the entrance, there is a space for a shop and a toilet.
Regarding to the changes in the present plan in 2008, the spacious permanent room was converted to a temporary exhibition room and a restaurant. The tickets area and garden remained in the same position. Nonetheless, the central garden was decorated by building two fountains and a cafe sitting area. The east wing of the complex was entirely allocated to three separate permanent exhibition rooms. Furthermore, the shop was moved to west side of the entrance, and the WC was rebuild next to cafe in the north end.",,6.0,"OBSERVATION: The student provides a detailed comparison of the museum's layout changes from 1998 to 2008, mentioning specific areas and their transformations.

POSSIBLE EXPLANATIONS:
- Student has a good understanding of the task and effectively summarizes the main features → Would expect: clear comparisons and relevant details.
- Student is familiar with the layout but lacks clarity in organization → Would expect: some relevant details but possibly confusing structure.
- Student misunderstands the prompt and provides irrelevant information → Would expect: off-topic details or inaccuracies.

BEST EXPLANATION: Student demonstrates a solid understanding of the task by accurately summarizing the changes and making relevant comparisons, though there are minor grammatical errors and some awkward phrasing.

SCORE: 6"
67,2,Nowadays people like to change their day by day activities according to the latest trends and also they are following popular things . This essay will explain the reason why the people are spending more time,"popular hobbies rather than their individual activities.Hobbies and are different for everyone; this is the human nature,. The current generations are very much in the latest trend which makes them happy and also them to make more money. For example, cricket is the most famous game in , children and playing it whenever they have free time in their daily life. This makes them become a star in this game when they reach a certain age in their life. In addition, this popularity will help them to make lots of money in their life. , there are many .Those aiming to spend more time to make money rather than on their own interests. However, some of them are not about the popular hobbies and interests. For instance, drinking alcohol is one of the popular hobbies low income and .In conclusion, spending more time popular hobbies and interests really depends on their . It may to become a star in their life or time with many friends.Avoid statements such as ‘This essay will explain the reason’, your essay should present a point of view including supporting information and examples. The essay needs to be easy to follow, and in addition your English should be accurate and appropriate.",I suggest that you read several essays that have been awarded high band scores and think about how those writers have structured their essays.,3.0,"OBSERVATION: The student attempts to discuss the trend of popular hobbies but presents unclear ideas, grammatical errors, and incomplete thoughts, making the essay difficult to follow.

POSSIBLE EXPLANATIONS:
- Student has a basic understanding of the topic but struggles with organization and clarity → Would expect: some relevant points but poorly articulated.
- Student is unfamiliar with essay structure and conventions → Would expect: lack of coherence and logical flow.
- Student is attempting to engage with the prompt but lacks proficiency in English → Would expect: frequent errors and unclear expressions.

BEST EXPLANATION: The student shows an attempt to engage with the topic but lacks clarity, coherence, and proper essay structure, indicating limited proficiency in writing.

SCORE: 3"
125,2,Some people believe that governments should pay full course fees for students who want to study in universities. Do you agree or disagree with this statement?,"Going to university is an important step in life. It will majorly impact their futurs, and will define them in many ways. Unfortunatly, this is an expensive task that not everyone can afford. Thit is the reason why some people think that governments should pay course fees for university students. In this essay, I will explain why I think governments should help students of universities financially by paying their course fees.
To begin with, this could make universities more inclusive and help some students achieve their dreams. Some people, due to their economic background, are forced to attend specific establishments, even though they would give anything to be somewhere else. This is an important cause of class differences, and the source of many disciminations today. This is why, offering to pay for their course fees, would considerably help students that are less wealthy, and fight against inequalities.
To illustrate this argument, here is an example. Some of my class-mates receive a specific amount of money from an organization, that helps them study at my shool. They find it amazing because, now they are not only defined by their parents' income anymore, and they have the opportunity to accomplish whatever they wish in life.
Secondly, an enormous amount of students live in a precarous situation, so by paying their course fees they could have a more stable life. University life is rough, you are not with your family, you have to manage so many different things for the first time, one of which being money. Some students have little to no money that they can spend in recreational activities, a big part of it being assigned to accomodations, school fees and food. By paying some of their fees, students could benefit from the money and do what they enjoy. This could help them mentally and make them enjoy life a bit more.
On the other hand, I can understand that if governments had to pay for the course fees of every students, it would represent a tremendous amount of money that could be invested in other and more pressing matters. Although, I do still think that providing this aid could have more benefits than downsides.
In conclusion, the governments shoulp help students by paying their course fees. This could open some students to new opportunities or help others live in better conditions. Students are the futur of every states, that's why I invite everyone reading this to invest in them.",,5.0,"The student presents a clear argument in favor of government funding for university fees, demonstrating an understanding of social issues related to education and economic inequality. However, there are several spelling and grammatical errors, as well as a lack of depth in addressing counterarguments. The best explanation is that the student has a solid grasp of the topic and articulates their points well, but their writing contains significant issues that detract from the overall effectiveness of their argument.

SCORE: 5"
66,2,"Write about the following topic.Many governments think that economic progress is their most important goal. Some people,however, think that other types of progress are equally important for a country.Discuss both these views and give your own opinion.Give reasons for your answer and include any relevant examples from your own knowledge or experience.","These days many governments think that economic progress is their most important goal, while on the other hand, there is some people think that other typs of progress like military, envirement,education..etc, are equally important for a country.
Before we start discuss both these views. we have to know the meaning of the economic, you dear reader might know the general meaning but do you have any idea about what is the deep meaning of the economic. lets take a short tour.
When someone says ""economic"" he often means any thing realted to money, banks, industries, big companies, anything that making money its under economic, even when you are a tourist in somewhere in whole world you making the economic in the country that you live in for a few days go up.
Goverements argue that economic is very important than other for a list of reasons, lets know about some of them.
- They think if everything is related to economy then it most be more important than anything els.
- As the economy is almost ruling everything. so if they focous on the country's economy any other problem will be solved directly.
Now we know governments opinion, shall we beagan to look at the oposite view?
- People who take the other side, think that when the government works only on the economy, the education and the other important things will be going down.
- when the other thing going down the economy will not be survaivd either.
Over all the, and to show you my own view. i think government should work on economy and the other in equal way.",,4.0,"The student presents a basic understanding of the topic, discussing both views on economic progress and other types of progress, but lacks clarity and coherence in their arguments. Possible explanations include: the student has a superficial understanding of the concepts, leading to vague reasoning and poor structure; or the student has some grasp of the topic but struggles with articulation and organization. The best explanation is that the student has a limited understanding of the topic, as evidenced by unclear definitions and weak argumentation. 

SCORE: 4"
27,1,"The chart shows the unemployment situation in Australia in the year 2012.Summarise the information by selecting and reporting the main features, and make comparisons where relevant.","The graph illustrates the ratio of unemployment for 2012 in Australia. In general, the unemployment situation in the urban as well as rural areas for four consecutive quarters is demonstrated in the graph.
Firstly, it is observed from this graph that the percentage of the unemployment rate was higher in rural areas than it was in urban areas. For example, the unemployment rate for the people living in rural areas of Australia in 2012 was around 7 percent whereas the residents in the urban areas faced the same crisis by 2%. Besides, the challenge of unemployment was vivid throughout the second and third quarters for both urban and rural areas. However, the situation fluctuated at the end of the fourth quarter when the unemployment ratio reached 5 percent for both areas.
To sum up, though the unemployment ratio faced two different directions in the first quarter for both urban and rural areas, it almost reached an equilibrium point for the fourth quarter.",,6.0,"The student provides a summary of the unemployment situation in Australia for 2012, noting the differences between urban and rural areas and mentioning fluctuations over the quarters. Possible explanations include: the student has a good understanding of the data and can identify key trends, but may lack depth in analysis; the student is able to summarize but misses some relevant comparisons; or the student has a superficial grasp of the data. The best explanation is that the student demonstrates a solid understanding of the main features and makes relevant comparisons, though the analysis could be more detailed. 

SCORE: 6"
120,2,"Write about the following topic.Many governments think that economic progress is their most important goal. Some people,however, think that other types of progress are equally important for a country.Discuss both these views and give your own opinion.Give reasons for your answer and include any relevant examples from your own knowledge or experience.","There is an ongoing debate about wether a government economic progress is far more important than any other type of progress, for instance: social, technological or health advancements. Although this perspectives are both valid, I believe that authorities do not have to value economy over everything else because it leads to overlooking the basic needs of society.
On the one hand, prioritizing economic progress is important because it is the basis that sustains every countries' needs. Without a strong economy, governments would not be able to afford education or health. For instance many studies show that wealthier countries tend to give their citizens a better life quality.
On the other hand, other types of progress such as educational, technological and health developements can lead to better outcomes in society. For instance it has been proven that countries with the best quality of education tend to be more peaceful and have less crime rates than those where education is not a priority.
In my opinion education, health and technological progress when available to evryone can lead to better developement not only financial but also in the equality of opportunies which is the key to much more content and peaceful societies. Governments that value economy over everything else tend to forget that the true value relies on the people and their needs, not in making money. Economy progress is part of a developed society but should not rely at the centre of issues because well being and good quality of life is a complex goal that requires success in many areas of society.",,6.0,"The student presents a balanced discussion of the importance of economic progress versus other types of progress, demonstrating an understanding of both perspectives and providing relevant examples. However, there are some grammatical errors and awkward phrasing that detract from the clarity of the argument. The best explanation is that the student has a solid grasp of the topic and articulates their opinion well, but the writing quality could be improved. 

SCORE: 6"
134,2,Some people say free time activities for children should be organized by parents. Others say that children should be free to choose what they do in their free time. Discuss both views and give your opinion.,"Whether parents should fully intervene in their children's organization of their leisure time or let them decide it, remains a big discussion. In this essay I will contrast the two opinions and I will explain why I think a good balance is needed.
One of the reasons supporting the first view is the idea of the undeveloped children's ability to organize. This is because, although some of them might seem very mature for their age, others might struggle understanding the importance of having a routine, besides playing video games. For instance, many parents orientate their children helping them to organize hobbies and teaching a very important skill, time managment.
On the other hand, some people encourage children to decide themselves what to do as this stimulates creativity and personal growth. This view, therefore, opens a new world for the little ones who can decide whatever they like, having multiple options. For example, children in this situation quite often are supported when they want to play sports or participate in a painting class.
In my opinion, parents should not only be envolved as much as they can in all aspects of their children's lives, but also they might encourage the little ones to have personal opinions and decision about their hobbies and leisure actitivities. This may be a good way to build trust and communication between parents and children. Moreover, children learn responsability while being guided by their parents.
In conclusion, some parents help their children more in scheduling their free time, while others intervene less leaving them to create a routine freely. I believe, parents should always be involved in their children's lives and decisions, allowing children participation too, which brings multiple benefits to their relationship.",,6.0,"The student presents a balanced discussion of both views regarding parental involvement in children's leisure activities, demonstrating an understanding of the topic and providing relevant examples. However, there are minor issues with clarity and coherence, such as spelling errors (""envolved,"" ""actitivities"") and some awkward phrasing. The best explanation is that the student has a solid grasp of the topic and presents a reasoned opinion but needs to improve on language mechanics and clarity. 

SCORE: 6"
12,1,"The graphs below show the enrolments of overseas students and local students in Australian universities over a ten year period.Summarise the information by selecting and reporting the main features, and make comparisons where relevant.","The given two charts represent the information about how many students study in Australian universities during the period of ten years, from 2001 to 2010. The first graph shows data about overseas students, the second about local students. Also the data separated by commencing and total types of students.
Overall, from 2001 to 2010 the amount of overseas students increased and exceeded local students at the end of the given period. The same situation was with commencing and with total types of students. Despite the fact that the total quantity of local students has sharply increased too, the amount of commencing students was approximately without any changings.
The number of overseas students in total was 20000, however in 2010 it rapidly reached 80000 students in 2010. Amount of commencing students had the same situation, though in 2009 speed of increasing had reduced and stabilized at 40000 students.
The sum of local students from 2001 to 2007 significantly climbed up to 600000 students in total, but from 2007 to 2010 this value fluctuated within the same digit.",,5.0,"The student provides a summary of the graphs, noting trends in both overseas and local student enrolments, but lacks clarity in some comparisons and specific data points. Possible explanations include: the student has a basic understanding of the data but struggles with precise language and structure; the student may have a good grasp of the trends but fails to articulate them effectively; or the student is attempting to analyze the data but lacks the necessary detail and coherence. The best explanation is that the student understands the overall trends but has issues with clarity and detail in their writing. 

SCORE: 5"
56,2,Some people think that outdoor activities are more beneficial for children’s development than playing computer games. To what extent do you agree or disagree?,"Some groups of society are having the idea that outdoor activities are vital for children to improve their mental and physical skills rather than gaming. In my opinion, I agree that crafts and physical interaction between kids are essential for their development in all aspects. Modern technology which contains computer games may have negative effects on their overall development.
The reason why I believe that such activities are important is that kids are building their personalities during the first years of their life, and this building process requires them to play and interact with their peers in real-life situations which without any doubt can not be done through online games that do not offer this rich experience to them. For example, when a child faces her friends and communicates with them face to face doing some activities, she will learn from them things that will contribute to her growth in many ways.
In addition to that reason, outdoor activities offer authentic exposure to different situations which helps children to learn how to deal and manage their actions which will increase their awareness, on the other hand, computer games can not provide the exposure that may be needed to achieve such benefits. To illustrate, children who play outside their houses with their mates generally will give a specific and quick response to different situations in contrast with those who spend hours infront of computer screens.
In conclusion, outdoor activities are valuable for what they give to children, not only for their personalities to be formed and developed, but also for their understanding to multiple real-life situations.",,7.0,"OBSERVATION: The student argues that outdoor activities are more beneficial for children's development than computer games, providing reasons related to social interaction and real-life experiences.

POSSIBLE EXPLANATIONS:
- Student has a strong understanding of child development and the importance of social interaction → Would expect: well-structured arguments and relevant examples.
- Student is relying on common beliefs without deeper understanding → Would expect: vague reasoning and lack of specific examples.
- Student has partial understanding of the topic but lacks depth in analysis → Would expect: some relevant points but not fully developed.

BEST EXPLANATION: The student demonstrates a solid understanding of the benefits of outdoor activities for children's development, supported by relevant examples, though the analysis could be more nuanced.

SCORE: 7"
101,1,The pictures show the changes of a park from 1980 to the present day.Summarize the information by selecting and reporting the main features and make comparisons where relevant.,"The map illustrates the 1980 and the present day modification of a park. Overall, the park before had only one pathway and zero outdoor activities. Today, there is footpath in either side and more leisure activities present.
To begin, in 1980 the entrance to the park was fenced and was located at the south-east side. Moreover, four benches with a pond at the center was located on the right side, particularly at the west side of the pathway. Flowers was seen at both side of the entrance. In addition, at the north-east of the park, three trees was planted. Also, no people were seen.
In the present period, more recreational activities are seen. The fence is remove and pathways can be seen on the north, east, west and south side of the park. While on the opposite side people can play football and flowers at the left side is replaced by a shrub. The pond is still on the same position. However, the 4 benches are reduce to three. At the upper corner, outside hobby like picnics and barbeques are spotted.",,4.0,"The student provides a summary of the park's changes, noting specific features from both 1980 and the present day, but there are several grammatical errors and some inaccuracies in the details (e.g., ""the fence is remove"" should be ""the fence is removed""). Possible explanations include that the student has a basic understanding of the task but struggles with language and detail accuracy, or that they are attempting to convey information but lack clarity and coherence. The best explanation is that the student demonstrates a general understanding of the changes in the park but has significant issues with language and detail presentation.

SCORE: 4"
65,2,"Some people believe that we cannot learn anything from the past for our life today, while others believe that history is a valuable source of information to understand human's life.Discuss both views and give your opinion.Give reasons for your answer and include any relevant examples from your own knowledge or experience.","There are two contrasting views concerning the role of out past for our life today. According to the former there is nothing we can learn for our history. Instead, the latter sustains that the past a vital source for the understaing of our present life. I believe that in virtue of the action made in the history we must learn what is better and what is dangerous for human's life. History is then our method to evaluate whether the choices we make at the present time are right or wrong.
I believe that history can teach us more than we can imagine. The past teached us how much pain humans being tolerate because of the wars. To understand the reasons and the causes of the conflicts between the countries it is the best way to proceed through a more pacific and civil relationship among the States. To make the idea clearer I want to propose the following analogy as example: as the awarness of our past actions (in other words, the actions we have done when we were children) taught that the fire burns and that we should pay attention when we get closer to it, we then can understand how much pain a war can take with it by reflecting on the pains that aflicted our ancestors because of the Second World War.
On the other hand, there are people supporting the thesis according to which history cannot teach anything to us. They start from the idea that our life today is completely different, techonological and then very far from what our ancestors lived. The world in which we live seems to them as another world with respect to that in which their grandparents lived. Hence, history results to be as a novel that cannot be used to make easier the human's progress. Thus the errors made by our grandfathers cannot be analysed with the contemporary eyes, they maybe could not be understood totally. Then the past's mistakes are not an alarm to remind us what we did and what we should try to escape from. Rather, they are nothing, just memories. According to this way of thinking, the world seems to be divided in temporal blocks each of which has no links with the others. History is reduced to an intricate novel.
In conclusion, I believe that history should be conceived as the first evaluation step of our present actions. By grasping the power that should come from a real understaing of our past, it is possible to analyse critically the present world order.",,5.0,"OBSERVATION: The student presents both views on the value of history, provides personal opinions, and uses examples to support their arguments, but there are several grammatical errors and unclear phrases.

POSSIBLE EXPLANATIONS:
- Student has a basic understanding of the topic but struggles with language and structure → Would expect: unclear arguments and frequent errors.
- Student understands the importance of history but lacks clarity in expression → Would expect: coherent ideas but with some grammatical issues.
- Student has a strong grasp of the concepts but fails to articulate them effectively → Would expect: well-structured arguments with minor errors.

BEST EXPLANATION: The student demonstrates a solid understanding of the topic and presents relevant arguments, but the writing quality detracts from the clarity of their ideas.

SCORE: 5"
52,1,"Eating sweet foods produces acid in the mouth, which can cause tooth decay. (High acid levels are measured by low pH values)Describe the information below and discuss the implications for dental health.","The given graph shows the level of acidity in the mouth from consuming food that contains fruit or cane sugar and honey.
To start with, if we take a look at honey-consistent food, we will notice that the acid level increases within the first 5 minutes. After that, the level of acidity remains at the rate of less than 5 pH, and, then goes down to a normal level. So, it is unlikely tooth decay to occur within such a short period of time.
Regarding fruit and cane sugar-consistent food, it is quite noticeable that the acidity level increases dramatically at a level of less than 5.5 pH and 4.5 pH, respectively. However, the main difference between fruit and cane sugar is that the acid level of fruit sugar decreases within a bit more than 15 minutes. In contrast to it, the acid level of cane sugar goes down to a normal level within more than 25 minutes, which is more likely to get tooth decay.",,6.0,"OBSERVATION: The student describes the acidity levels in the mouth after consuming honey, fruit, and cane sugar, noting the time it takes for acidity to decrease and its implications for tooth decay.

POSSIBLE EXPLANATIONS:
- Student has a basic understanding of the relationship between acidity and tooth decay → Would expect: some correct observations but limited depth.
- Student understands the implications of acidity levels on dental health → Would expect: clear connections made between acidity duration and decay risk.
- Student misinterprets data or lacks understanding of pH significance → Would expect: incorrect conclusions or irrelevant details.

BEST EXPLANATION: The student demonstrates a solid understanding of how different sugars affect acidity levels and their implications for dental health, although the conclusion about the likelihood of tooth decay could be more nuanced.

SCORE: 6"
46,2,"People often think about creating an ideal society, but most of the times fail in making this happen.What is your opinion about an ideal societyHow can we create an ideal society?Give reasons for your answer and include any relevant examples from your own knowledge or experience.","One of the ambition of the people is to create a harmonious community to live in. Unfortunately, individuals often fail to create one. This essay will discuss what is an ideal society, as well as ways on how to make it happen.
An ideal community is a place where peace of mind over shadows fear. We all now that everyone wants a place that is criminal free. For example, people can just walk in an aisle without thinking of being raped or kidnapped. Moreover, it is a community in which discrimination, prejudice and racism is prohibited. In short, everyone is treated equally regardless of gender, colors, religions, social status, jobs and looks. It also means that, people can just walk in and out of a hospital or establishments without being looked down or degraded by other people especially those with high status.
However, it is difficult for people to meet this kind of standards. This mainly because nobody is made perfect and as a human being we are mostly dominated by hatred, jealousy and selfishness. Although people fail to have a perfect society, there are some ways on how to have a near perfect place to live. First of all, government should make the lives of the people a better one by being an active role model to the citizens. There should not be corruption involve amongst the higher ups. Also, as what the saying goes ""learning should start at home"", it means that, parents should the take the initiative to educate their children proper manners in dealing with other people. In Japan, children were taught in a very young age on how to treat other people. That is why they always bow down their head as a sign of respect.
To conclude, creating an essential environment can be challenging and demanding for all of us. Eventhough, it is impossible to make, each one of us can has the capacity to contribute to make society an almost perfect one.",,5.0,"OBSERVATION: The student discusses the concept of an ideal society, outlining characteristics such as peace, equality, and the absence of crime, while also acknowledging the challenges in achieving such a society and suggesting ways to improve it.

POSSIBLE EXPLANATIONS:
- Student has a basic understanding of societal ideals but lacks depth → Would expect vague ideas and minimal examples.
- Student understands the complexities of creating an ideal society and provides relevant examples → Would expect clear reasoning and specific examples.
- Student is familiar with societal issues but struggles with coherence and structure → Would expect disorganized thoughts and unclear arguments.

BEST EXPLANATION: The student demonstrates a reasonable understanding of the concept of an ideal society and provides some relevant examples, but the essay lacks clarity and has several grammatical issues that hinder the overall effectiveness of the argument.

SCORE: 5"
79,2,"Write about the following topic.In many countries, a small number of people earn extremely high salaries. Some people believe that this is good for the country, but others think that governments should not allow salaries above a certain level.Discuss both these views and give your own opinion.Give reasons for your answer and include any relevant examples from your own knowledge or experience.","In many parts of the world, few people get a lot of money thanks to their job. It is believed by some that this is an advantage for the country, while it is thought by others that governments should put a limit above which salaries cannot be.
In my opinion, I believe that not only people have to be rewarded for their performance, but also their wage salary has to be proportional to the benefits that they are leading to the country.
For instance, due to the Covid a lot of people suffered several injuries which were cured only thanks to the doctors and the nurses. For this reason, since they are saving lifes everyday,
it seems unbelievable the fact that they are earning much less money than football players.
Another example can be found in people involved in the national security: I believe that it would be fairer if these professionals were paid more than an influencer.
However, in our society this figures (such as doctors) are paid by governments through taxes, while football players or influncers gain incomes by private companies.
In order to not impose an heavier taxation, politics should categorise jobs basing on their importance in the society. Hence, we will have a specific amount that these employers can earn.
Thus, if these no-fundamental workers (like actors or actress) are earning more money than the precise level chosen, these will be used as funds to increase life-saving jobs' salary.
In conclusion, I believe that highest salaries should exist only if we are referring to a job that is needed by everyone.",,6.0,"OBSERVATION: The student presents a clear argument regarding salary disparities, providing examples of essential professions versus entertainers, and suggests a categorization system for salaries based on societal importance.

POSSIBLE EXPLANATIONS:
- Student has a basic understanding of the topic but lacks depth → Would expect vague arguments and weak examples.
- Student understands the implications of salary disparities and provides relevant examples → Would expect coherent arguments and logical reasoning.
- Student has a strong grasp of economic principles but struggles with clarity and organization → Would expect insightful content but poor structure.

BEST EXPLANATION: The student demonstrates a solid understanding of the issue, articulating a reasoned opinion with relevant examples, though the organization and clarity could be improved.

SCORE: 6"
13,1,"The diagram shows the production of hydroelectricitySummarise the information by selecting and reporting the main features, and make comparisons where relevant.","The diagram displays the general principles of how electricity is generated in a dam. In general, to produce hydroenergy, there should be a difference in the level of water flowing through the turbine.
The water is stored in the reservoir out of which it goes through the intake to the penstrock. The pens should be inclined. This means that its high point is in the intake and then it goes down to the turbine. The pressure, that the flow creates, makes the turbin roll and start the generator. Generator produces power that is supplied to the long distance power lines.
Having passed throuth the turbine, water, in its turn, sharply goes down and falls into the river.
As it can be seen from the diagram, the generator and long distance power lines are located on the ground while there parts of the dam, such as the intake, the penstock, and the turbine are all under the ground.",,5.0,"OBSERVATION: The student describes the hydroelectricity generation process, mentioning key components like the reservoir, penstock, turbine, and generator, but contains some inaccuracies and lacks clarity in certain areas.

POSSIBLE EXPLANATIONS:
- Student has a basic understanding of hydroelectricity but lacks detail → Would expect: general descriptions with missing key features.
- Student understands the process but struggles with terminology and clarity → Would expect: some correct details but with unclear or incorrect terms.
- Student has a solid grasp of the concept but fails to make relevant comparisons or highlight main features effectively → Would expect: a well-structured response with clear comparisons.

BEST EXPLANATION: The student demonstrates a basic understanding of hydroelectricity generation but struggles with terminology (e.g., ""penstrock"" instead of ""penstock"") and lacks clarity in the explanation, indicating partial comprehension.

SCORE: 5"
5,2,"Write about the following topic.Some people think that it is more beneficial to take part in sports which are played in teams, like football. But others think taking part in individual sports is better, like swimming. Discuss both views and give your own opinion.Give reasons for your answer and include any relevant examples from your own knowledge or experience.","While many regard team sports such as football and basketball are the better choices for sport, there are still some stick on to the individual sports. To my point of view, I prefer individual sports over team sports as the latter is more harmful and less beneficial from both physical and mental perspective.
Firstly, I think sports played in groups tend to cause more harm in the forms of stress and injuries. To start, virtually all team sports are played as competitions: it must have a winnner and a loser, or losers. Since no one wish to be the stepstone of the champion, it causes a tremendous amount of stress on players' psyche. Also, many team sports inevitably requires phyiscal contacts of the players, the competitive nature of such sports often intensify the contact which some leads to injuries. Many famous sportsmen, like Jianlian Yi, one of the only two Chinese basketball players in NBA, were forced to retire early due to the injuries sustained during matches.
On the other hand, individual sports like swimming and joggling do not have such issues. Since one can swim or run alone, there is no such need to compete with others and cause stress. The removal of physical contact with other players also reduce the likelihood of sport injuries such as head-to-head collisions. Plus, one would focus more on how to self-improve on his/her phyiscal abilities. Moreover, some individual sports like joggling and hiking encourage people to explore mother nature. According to a study done by UBC in 2005, the higher exposure to the nature, one will have lesser likelihood to suffer mental disorders such as major depressions disorder (MDD) and general anxiety disorder (GAD).
In conclusion, I would say sports that played individually is has more benefits than team sports, from both the physical and mental point of views.",,5.0,"The student presents a clear preference for individual sports over team sports, providing reasons related to stress, injuries, and personal improvement. Possible explanations include a solid understanding of the benefits and drawbacks of both types of sports, but also some misconceptions about team sports and a lack of depth in discussing the benefits of team sports. The best explanation is that the student has a reasonable grasp of the topic but fails to adequately address the opposing viewpoint and contains some grammatical errors. 

SCORE: 5"
