sis_id,Prompt,student_response,Correctly states that frequency is proportional to energy of light,Explaining sentence 1: energy levels of an electron in an atom are quantized,Explaining sentence 1: FULLY explains energy/frequency absorbed must equal the difference in energy levels in an electron,Explaining sentence 1: PARTIALLY explains energy/frequency absorbed must equal the difference in energy levels in an electron,Explaining sentence 2: a minimum amount of energy is needed to eject an electron,Explaining sentence 2: any additional energy becomes kinetic energy,Incorrect statement included,Incorrect,Blank,Adjustment,Comments,question_id,Score
9b1b388c-a5b6-4d39-8926-1fdeeac9d4a2,"416347: In each statement below (a-c), two observations are given which seem to contrast with each other. Using your knowledge of electron configurations, orbitals, Coulomb's law, and/or atomic and molecular structures, briefly explain why both of these observations are true, and how the two observations can be reconciled in each case. b) If light is used to excite an electron to a higher energy level in an atom, only certain frequencies of light can be absorbed. However, if it is used to eject an electron from the atom, any value above a minimum threshold frequency can be absorbed. This question can be answered reasonably in around 150 words or fewer.","If light is being used to excite an electron only certain frequencies can be absorbed because these frequencies have the energy needed to emit a photon. Each element has a different range of these frequencies of light that make them distinguishable. These can be seen through electron spectroscopy.

However ejecting an electron from an atom only requires a minimum threshold frequency because from Moseley's experiment we were able to determine that electrons must have a certain frequency to eject when looking at the intensity vs KE graph.Â  This means that after a certain point, no matter high your frequency is the emitted electron will emit an electron of the same energy.Â ",False,False,False,False,True,False,True,False,False,,emitted electrons do not emit photons; photons are emitted when electrons fall back down to lower energy levels,Q2,5.0
57cd675b-2fce-4d43-bc27-5bad23e74a14,"416347: In each statement below (a-c), two observations are given which seem to contrast with each other. Using your knowledge of electron configurations, orbitals, Coulomb's law, and/or atomic and molecular structures, briefly explain why both of these observations are true, and how the two observations can be reconciled in each case. b) If light is used to excite an electron to a higher energy level in an atom, only certain frequencies of light can be absorbed. However, if it is used to eject an electron from the atom, any value above a minimum threshold frequency can be absorbed. This question can be answered reasonably in around 150 words or fewer.","If an electron is being ejected from an atom using light, it is not returning back to its original energy level and releasing energy. Instead,Â it would have to become excited enough to the point where it is ejected beyond the atom's established energy levels. Therefore, a minimum threshold must be met, but anything after that can be absorbed in order to meet the ionization requirements since light is a form of energy.

On the other hand, if an electron is being excited in order to move it up to a higher energy level, it can only absorb certain frequencies of light because these frequencies correspond with the energy levels of the atom.",False,True,False,True,True,False,False,False,False,,,Q2,5.0
941d83b8-f12f-440a-ae71-acd1d5f71ac3,"416347: In each statement below (a-c), two observations are given which seem to contrast with each other. Using your knowledge of electron configurations, orbitals, Coulomb's law, and/or atomic and molecular structures, briefly explain why both of these observations are true, and how the two observations can be reconciled in each case. b) If light is used to excite an electron to a higher energy level in an atom, only certain frequencies of light can be absorbed. However, if it is used to eject an electron from the atom, any value above a minimum threshold frequency can be absorbed. This question can be answered reasonably in around 150 words or fewer.","When exciting an electron, the electron is allowed to stay in the atom. On the other hand, when ejecting an electron, you are removing it from the atom. The excited electron absorbs energy from its surroundings, and moves up to higher energy levels. Since an atom can only absorb certain amounts of energy, only certain wavelengths are absorbed, leading to certain frequencies of light being able to be absorbed. Once you reach a threshold frequency to remove an electron, anything equal to it or above will do the job, as the electron will no longer be a part of the atom.",False,False,False,True,False,False,False,False,False,,you do not specify that the energy input is equal to the energy transitions between the energy levels,Q2,3.0
282bc446-4f9c-487d-86ef-b2419dac36a4,"416347: In each statement below (a-c), two observations are given which seem to contrast with each other. Using your knowledge of electron configurations, orbitals, Coulomb's law, and/or atomic and molecular structures, briefly explain why both of these observations are true, and how the two observations can be reconciled in each case. b) If light is used to excite an electron to a higher energy level in an atom, only certain frequencies of light can be absorbed. However, if it is used to eject an electron from the atom, any value above a minimum threshold frequency can be absorbed. This question can be answered reasonably in around 150 words or fewer.","It is true that only certain frequencies of light can be absorbed when an atom becomes excited, because the specific frequency levels correlate to the specific shell that an electron occupies. It is also true that any value of light frequency above the threshold frequency can be absorbed because the electron no longer needs a certain frequency to 'reach the next shell,' so it can absorb any frequency of light. This is demonstrated by the graphs demonstrating the photoelectron effect. Frequency has a direct relationship with energy past the threshold frequency.Â ",False,True,False,False,False,False,False,False,False,,,Q2,5.0
18d6285c-30ca-46b0-b68f-4b9d889807bc,"416347: In each statement below (a-c), two observations are given which seem to contrast with each other. Using your knowledge of electron configurations, orbitals, Coulomb's law, and/or atomic and molecular structures, briefly explain why both of these observations are true, and how the two observations can be reconciled in each case. b) If light is used to excite an electron to a higher energy level in an atom, only certain frequencies of light can be absorbed. However, if it is used to eject an electron from the atom, any value above a minimum threshold frequency can be absorbed. This question can be answered reasonably in around 150 words or fewer.","To get to a higher energy level, an atom must absorb the exact right frequency of light that gets it to the next level. If the energy of the light is higher, the excess would have to be released by the atom. In terms of ejecting electrons, there is no specific energy level that the electron is moving to, and therefore it would not have to release the energy while outside of the atom.",False,False,False,False,False,False,False,True,False,,,Q2,4.0
9180aecf-2ba7-448f-ba71-e13492f237b4,"416347: In each statement below (a-c), two observations are given which seem to contrast with each other. Using your knowledge of electron configurations, orbitals, Coulomb's law, and/or atomic and molecular structures, briefly explain why both of these observations are true, and how the two observations can be reconciled in each case. b) If light is used to excite an electron to a higher energy level in an atom, only certain frequencies of light can be absorbed. However, if it is used to eject an electron from the atom, any value above a minimum threshold frequency can be absorbed. This question can be answered reasonably in around 150 words or fewer.","Within an atom, electrons can only exist at certain energy levels- therefore, if the energy of a photon isn't exactly the difference between two energy levels, the electron can't absorb the photon or it would have a non-allowable level of energy. When an electron is ionized, however, it uses the energy of the photon to ionize and then any leftover energy is maintained as kinetic energy- it is no longer restricted to specific energy levels under the influence of an atom.",False,True,True,False,True,True,False,False,False,,,Q2,6.0
cafa911b-6ca4-46d0-b2d5-b6e958b1bde7,"416347: In each statement below (a-c), two observations are given which seem to contrast with each other. Using your knowledge of electron configurations, orbitals, Coulomb's law, and/or atomic and molecular structures, briefly explain why both of these observations are true, and how the two observations can be reconciled in each case. b) If light is used to excite an electron to a higher energy level in an atom, only certain frequencies of light can be absorbed. However, if it is used to eject an electron from the atom, any value above a minimum threshold frequency can be absorbed. This question can be answered reasonably in around 150 words or fewer.","When light is used to excite an electron, threshold frequency has been established, and so subsequently only certain frequencies can further be absorbed now. When light is used for an electron removal, an energetic deficit has been created with light as a reactant. The minimum threshold in this case is reference to the amount of light that is required to compensate for the amount used to remove the electron in the first place.",False,False,False,False,False,False,False,True,False,,,Q2,1.0
c8ae4a8f-0cc9-4126-be28-73b02dcb874b,"416347: In each statement below (a-c), two observations are given which seem to contrast with each other. Using your knowledge of electron configurations, orbitals, Coulomb's law, and/or atomic and molecular structures, briefly explain why both of these observations are true, and how the two observations can be reconciled in each case. b) If light is used to excite an electron to a higher energy level in an atom, only certain frequencies of light can be absorbed. However, if it is used to eject an electron from the atom, any value above a minimum threshold frequency can be absorbed. This question can be answered reasonably in around 150 words or fewer.","Electrons are able to act as both a wave and a particle. As seen in the first example, if light is used to excite an electron to a higher energy level in an atom, only certain frequencies of light can be absorbed. This is because each electron can be excited and go from lower energy shells to higher energy shells. However, these shells are quantized, and only certain frequencies of light will be absorbed so that these electrons can be placed in certain higher energy levels. However, if light is used to eject an electron from the atom, any value above a minimum threshold frequency can be absorbed. This is because frequency does not affect the number of electrons ejected. As long as the threshold frequency is reached, each photon can only eject one electron. Therefore, the frequency will eject a constant current of electrons. Frequency of light affects the kinetic energy that the electrons are ejected as the remaining energy from the increase of frequency (Energy = Ionization Energy + Kinetic Energy).Â ",False,True,True,False,True,True,False,False,False,,,Q2,6.0
16d1bf4b-97b5-441d-9220-90ceba4bec46,"416347: In each statement below (a-c), two observations are given which seem to contrast with each other. Using your knowledge of electron configurations, orbitals, Coulomb's law, and/or atomic and molecular structures, briefly explain why both of these observations are true, and how the two observations can be reconciled in each case. b) If light is used to excite an electron to a higher energy level in an atom, only certain frequencies of light can be absorbed. However, if it is used to eject an electron from the atom, any value above a minimum threshold frequency can be absorbed. This question can be answered reasonably in around 150 words or fewer.","When exciting an electron to a higher energy level, only certain frequencies of light can be absorbed because electrons can only exist in discrete energy levels. In order for an electron to jump to a higher energy level, it must absorb the specific frequency of light corresponding to the change in energy between the two energy levels. On the other hand, ejecting an electron just requires an energy above its ionization energy because any extra energy absorbed by the electron goes towards the kinetic energy of the ejected electron. The frequency corresponding to the ionization energy of the electron is the threshold frequency.",False,True,True,False,True,True,False,False,False,,,Q2,6.0
05c3c86b-28c8-4bf3-bac7-94abaf03f0b9,"416347: In each statement below (a-c), two observations are given which seem to contrast with each other. Using your knowledge of electron configurations, orbitals, Coulomb's law, and/or atomic and molecular structures, briefly explain why both of these observations are true, and how the two observations can be reconciled in each case. b) If light is used to excite an electron to a higher energy level in an atom, only certain frequencies of light can be absorbed. However, if it is used to eject an electron from the atom, any value above a minimum threshold frequency can be absorbed. This question can be answered reasonably in around 150 words or fewer.",It is because the energy level is 0 when it is ejected.Â ,False,False,False,False,False,False,False,True,False,,,Q2,1.0
61c0cc44-3833-4784-bf01-898bfd11c3bf,"416347: In each statement below (a-c), two observations are given which seem to contrast with each other. Using your knowledge of electron configurations, orbitals, Coulomb's law, and/or atomic and molecular structures, briefly explain why both of these observations are true, and how the two observations can be reconciled in each case. b) If light is used to excite an electron to a higher energy level in an atom, only certain frequencies of light can be absorbed. However, if it is used to eject an electron from the atom, any value above a minimum threshold frequency can be absorbed. This question can be answered reasonably in around 150 words or fewer.","The fact that electrons can only absorb certain frequencies of light means that the energy levels in an atom must be quantized. That is, an electron can't exist at any distance from the nucleus, but must be ""excited"" to a location around the nucleus that is at a set distance, known as shells. Conversely, when an electron is being removed from the atom, the radius between the removed electron and nucleus of the atom is essentially infinity and the electron is no longer bound by the shell model. Once there is enough energy to remove the electron entirely, the excess energy not used to remove the electron is merely converted to kinetic energy of the electron, so any value above the minimum value required to remove that electron is acceptable.Â ",False,True,False,False,True,True,False,False,False,,,Q2,6.0
4e163c8a-763a-4686-be2b-1346ec7664bb,"416347: In each statement below (a-c), two observations are given which seem to contrast with each other. Using your knowledge of electron configurations, orbitals, Coulomb's law, and/or atomic and molecular structures, briefly explain why both of these observations are true, and how the two observations can be reconciled in each case. b) If light is used to excite an electron to a higher energy level in an atom, only certain frequencies of light can be absorbed. However, if it is used to eject an electron from the atom, any value above a minimum threshold frequency can be absorbed. This question can be answered reasonably in around 150 words or fewer.","b). Energy must be conserved, by the Law of Conservation of Energy. The frequency of a photon is proportional to its energy. Each energy level of an atom is quantized, so electrons can only exist at certain potential energies with corresponding kinetic energies. In order for the electron to increase in energy, it must go to another specific quantized energy level, so it mustÂ absorb aÂ specific amount of energy in order for energy to be conserved. This specific amount of energy can be delivered by only a photon of a specific corresponding wavelength. However, if an electron is ejected from an atom, its potential energy goes to 0. Its kinetic energy is no longer tied to its orbital since the electron is now free, so as long as the incoming photon delivers at least enough energy to ionize the electron and increase the electron's potential energy to 0 (this energy corresponds to the minimum threshold frequency), any extra energy can be transformed into kinetic energy. In other words, if the photon delivers too much energy, the electron will just get ejected at a greater speed.",True,True,True,False,True,True,False,False,False,,,Q2,7.0
302c6682-98b6-4726-95cd-9813a4bcc19d,"416347: In each statement below (a-c), two observations are given which seem to contrast with each other. Using your knowledge of electron configurations, orbitals, Coulomb's law, and/or atomic and molecular structures, briefly explain why both of these observations are true, and how the two observations can be reconciled in each case. b) If light is used to excite an electron to a higher energy level in an atom, only certain frequencies of light can be absorbed. However, if it is used to eject an electron from the atom, any value above a minimum threshold frequency can be absorbed. This question can be answered reasonably in around 150 words or fewer.",This is due to the fact that if it is used to excite an electron we only have the energy depending on where that electron is while if we use it to eject an electron then the atom is given all the energy of that electron and now can absorb any value above the minimum threshold.,False,False,False,False,False,False,False,True,False,,The electron absorbs the energy from the added light. If the frequency of the light exceeds the minimum threshold then it will be ejected,Q2,1.0
f10f9648-ab50-42c8-934d-2dd04858b10b,"416347: In each statement below (a-c), two observations are given which seem to contrast with each other. Using your knowledge of electron configurations, orbitals, Coulomb's law, and/or atomic and molecular structures, briefly explain why both of these observations are true, and how the two observations can be reconciled in each case. b) If light is used to excite an electron to a higher energy level in an atom, only certain frequencies of light can be absorbed. However, if it is used to eject an electron from the atom, any value above a minimum threshold frequency can be absorbed. This question can be answered reasonably in around 150 words or fewer.","Â As shown by the photoemission spectra, each atom has a unique set of frequencies that can be emitted. This corresponds to the idea of ""stairs not a ramp"". Only certain frequencies of light can match the frequencies of the electrons and elevate them to specific energy levels (or steps). However, in the photoelectric effect, the frequency of light just needs to exceed a threshold and the electron can be ejected. This is because to eject (not excite) an electron, the only requirement is to exceed the ionization energy and overcome the potential energy.Â ",False,True,False,True,True,False,False,False,False,,,Q2,6.0
193a299e-c99e-4e56-9410-2614c6db42ee,"416347: In each statement below (a-c), two observations are given which seem to contrast with each other. Using your knowledge of electron configurations, orbitals, Coulomb's law, and/or atomic and molecular structures, briefly explain why both of these observations are true, and how the two observations can be reconciled in each case. b) If light is used to excite an electron to a higher energy level in an atom, only certain frequencies of light can be absorbed. However, if it is used to eject an electron from the atom, any value above a minimum threshold frequency can be absorbed. This question can be answered reasonably in around 150 words or fewer.","A certain amount of energy is required to eject an electron from the atom. Drawing from one of the conclusions of the photoelectric effect, the kinetic energy of an electron increases as the frequency increases, but only if the frequency is above the threshold frequency. Once an electron builds up enough energy, it will be ejected from the atom. Therefore, only light at the minimum threshold frequency will allow the electron to be ejected. Anything below will only be excited.",False,False,False,False,True,True,False,False,False,,,Q2,2.0
ee5ee66a-ffb1-43f5-a43f-066daf334377,"416347: In each statement below (a-c), two observations are given which seem to contrast with each other. Using your knowledge of electron configurations, orbitals, Coulomb's law, and/or atomic and molecular structures, briefly explain why both of these observations are true, and how the two observations can be reconciled in each case. b) If light is used to excite an electron to a higher energy level in an atom, only certain frequencies of light can be absorbed. However, if it is used to eject an electron from the atom, any value above a minimum threshold frequency can be absorbed. This question can be answered reasonably in around 150 words or fewer.","Only certain frequencies of light can be absorbed to excite an electron to a higher energy level because the energy levels within an atom are quantized. This is seen because only certain frequencies can be absorbed, and frequency is directly related to the energy of light (in packets of energy called photons), so only certain energies can be absorbed. This implies only fixed and specific transitions can occur between energy levels for electrons, as only certain amounts of energy can be absorbed, or emitted. If you are using a light with a high enough frequency to eject an electron, than atoms can absorb any light above because, the energy in that light, which is ""packed"" into photons, are transferred one for one with electrons. This means that one photon, which has enough energy to ionize an electron by being above the threshold, will impart all of its energy into an electron, raising the electron's PE to 0, ionizing it.Â ",True,True,True,False,True,False,False,False,False,,,Q2,6.0
347c5e72-2d32-42f7-8059-bc45cc71f78c,"416347: In each statement below (a-c), two observations are given which seem to contrast with each other. Using your knowledge of electron configurations, orbitals, Coulomb's law, and/or atomic and molecular structures, briefly explain why both of these observations are true, and how the two observations can be reconciled in each case. b) If light is used to excite an electron to a higher energy level in an atom, only certain frequencies of light can be absorbed. However, if it is used to eject an electron from the atom, any value above a minimum threshold frequency can be absorbed. This question can be answered reasonably in around 150 words or fewer.","Based off of atomic emission data, since only certain wavelengths of light can be emitted, this indicates that only certain energy transitions possible. Since only energy losses are quantized, when exciting an electron to a higher energy level, only certain frequencies of light can be absorbed.Â 

However, when ejecting an electron the electron no longer stays within the atom and thus do not have to have quantized energy transitions. As long as the threshold frequency is met, the electron can be ionized and ejected from the atom. Any value above the threshold frequency will still eject the electron, but for exciting an electron to a higher energy level a higher frequency may cause the electron to reach past the desired energy level.",False,True,True,False,True,False,False,False,False,,,Q2,5.0
a8a1af1e-8833-4d6f-9b8e-c4b49723373f,"416347: In each statement below (a-c), two observations are given which seem to contrast with each other. Using your knowledge of electron configurations, orbitals, Coulomb's law, and/or atomic and molecular structures, briefly explain why both of these observations are true, and how the two observations can be reconciled in each case. b) If light is used to excite an electron to a higher energy level in an atom, only certain frequencies of light can be absorbed. However, if it is used to eject an electron from the atom, any value above a minimum threshold frequency can be absorbed. This question can be answered reasonably in around 150 words or fewer.","As demonstrated by photoemission spectroscopy data, energy levels are quantized because only certain frequencies of light can be emitted from atoms, which means that only certain energies of light can be emitted from atoms, which means that only certain energy differences are valid, which means that only certain energy levels are allowed. Therefore when light is used to excite an electron to a higher energy level, only certain frequencies of light can be absorbed because energy levels are quantized and an excited electron can only exist at specific energy levels. It is important to note that the electron is NOT ejected when it is excited and thus still remains in the atom. The potential energy of the electron is still below 0. However, ejecting an electron entails removing the electron entirely from the atom and bringing the potential energy of the electron to 0. In order to do this, the minimum threshold frequency must bring the electron to 0 potential energy, which means that any frequency that is at least as large as the minimum threshold frequency is capable of completely ejecting the electron.",False,True,True,False,True,False,False,False,False,,,Q2,7.0
6484493c-2ef3-4968-b499-b4dbe5e34669,"416347: In each statement below (a-c), two observations are given which seem to contrast with each other. Using your knowledge of electron configurations, orbitals, Coulomb's law, and/or atomic and molecular structures, briefly explain why both of these observations are true, and how the two observations can be reconciled in each case. b) If light is used to excite an electron to a higher energy level in an atom, only certain frequencies of light can be absorbed. However, if it is used to eject an electron from the atom, any value above a minimum threshold frequency can be absorbed. This question can be answered reasonably in around 150 words or fewer.","Frequency of light is directly proportional to the energy of that light. The certain frequencies of light being absorbed correspond to specific changes in energy level of an electron. In the same way, when an electron drops in energy level, it releases a specific frequency of light because electrons cannot exist and stay in between energy levels. When an electron is ejected however, excess frequency above the minimum threshold, and therefore energy, can be transferred into kinetic energy. This is seen by the equation Etotal = IE + KE.",True,False,True,False,True,True,False,False,False,,,Q2,6.0
7a5c2136-578f-4d3d-817f-df1b09cc58b4,"416347: In each statement below (a-c), two observations are given which seem to contrast with each other. Using your knowledge of electron configurations, orbitals, Coulomb's law, and/or atomic and molecular structures, briefly explain why both of these observations are true, and how the two observations can be reconciled in each case. b) If light is used to excite an electron to a higher energy level in an atom, only certain frequencies of light can be absorbed. However, if it is used to eject an electron from the atom, any value above a minimum threshold frequency can be absorbed. This question can be answered reasonably in around 150 words or fewer.","It is true that for an electron to be excited, only a certain frequency of light would be able to excite that electron because electrons are found in shell-like orbitals around the nucleus. And, it is also true that any frequency of light greater than the threshold frequency to eject an electron can be absorbed by the electron. This is because frequency is directly related to the energy of the light. Once a certain amount of energy (aka a threshold frequency) has been reached, the electron would be ejected because it's potential energy has been overcome, but that extra energy is converted into kinetic energy that shoots the electron away from the atom.Â ",True,True,False,False,True,True,False,False,False,,,Q2,5.0
4598cf16-a7a5-460b-a271-ffb15be82194,"416347: In each statement below (a-c), two observations are given which seem to contrast with each other. Using your knowledge of electron configurations, orbitals, Coulomb's law, and/or atomic and molecular structures, briefly explain why both of these observations are true, and how the two observations can be reconciled in each case. b) If light is used to excite an electron to a higher energy level in an atom, only certain frequencies of light can be absorbed. However, if it is used to eject an electron from the atom, any value above a minimum threshold frequency can be absorbed. This question can be answered reasonably in around 150 words or fewer.","We know an electron's kinetic energy is proportional to the frequency of light, therefore, if an electron is targeted with light that is above the minimum threshold frequency, it will be ejected!

This is because there exists discrete energy levels in an atom which an electron can ""be in,"" and these energy levels can be reached if the electron is struck with the required frequency of light. However, if an electron is struck with a frequency that is above this required frequency, the KE energy of the electron becomes great enough to escape the core charge of the atom and thus is ejected.Â ",False,True,False,True,True,False,False,False,False,,,Q2,4.0
c24aec67-d885-4820-b70b-8481ed83cd3f,"416347: In each statement below (a-c), two observations are given which seem to contrast with each other. Using your knowledge of electron configurations, orbitals, Coulomb's law, and/or atomic and molecular structures, briefly explain why both of these observations are true, and how the two observations can be reconciled in each case. b) If light is used to excite an electron to a higher energy level in an atom, only certain frequencies of light can be absorbed. However, if it is used to eject an electron from the atom, any value above a minimum threshold frequency can be absorbed. This question can be answered reasonably in around 150 words or fewer.","Frequencies of light correspond to specific wavelengths of light. These wavelengths correspond to a specific change in energy. The change in energy that relates to a wavelength exactly matches the change in energy between two subshells as an electron passes between them. Therefore, only certain frequencies of light that match the exact change in energy between two subshells can be absorbed when an atom is being excited. However, when an electron is ejected, it is not moving between two subshells of the atom, it is leaving the atom entirely. Therefore, the frequency does not need to correspond to a specific change in energy, it simply needs to be large enough to fulfill the electron's ionization energy.",True,False,True,False,True,False,False,False,False,,,Q2,7.0
bde264df-df71-4227-99d1-5cffcddd9b0e,"416347: In each statement below (a-c), two observations are given which seem to contrast with each other. Using your knowledge of electron configurations, orbitals, Coulomb's law, and/or atomic and molecular structures, briefly explain why both of these observations are true, and how the two observations can be reconciled in each case. b) If light is used to excite an electron to a higher energy level in an atom, only certain frequencies of light can be absorbed. However, if it is used to eject an electron from the atom, any value above a minimum threshold frequency can be absorbed. This question can be answered reasonably in around 150 words or fewer.","When light is used to excite an electron to a higher energy level, it matter which specific frequency of light is used. This is due to energy levels in an atom being quantized, which means that only specific frequencies will move an electron to a desired energy level. Due to this quantizing, energy levels in an atom can be thought of as a staircase. Less than the required frequency will do nothing, as the next step on the staircase is unable to be reached, and extremely high frequencies may not move an electron to the desired energy level.Â 

Â 

In contrast, in order to remove an electron from an atom entirely, all you have to do is meet a threshold frequency. If there is a higher frequency, that just means there is more energy than required to remove the electron, but the required energy has been inputted, and the electron will be removed as long as the threshold is met.Â ",False,True,False,True,True,False,False,False,False,,,Q2,6.0
e89d37b7-bb43-4337-a020-2a4589d3b7c5,"416347: In each statement below (a-c), two observations are given which seem to contrast with each other. Using your knowledge of electron configurations, orbitals, Coulomb's law, and/or atomic and molecular structures, briefly explain why both of these observations are true, and how the two observations can be reconciled in each case. b) If light is used to excite an electron to a higher energy level in an atom, only certain frequencies of light can be absorbed. However, if it is used to eject an electron from the atom, any value above a minimum threshold frequency can be absorbed. This question can be answered reasonably in around 150 words or fewer.","It's true that only certain frequencies of light can be absorbed to excite an electron to a higher energy level because the energy levels within an atom are quantized. It is also true that any value above a threshold frequencies are able to eject electrons, as demonstrated by the photoelectric effect. However, the photoelectric effect removes electrons from the atom, or ionizes them. On the other hand, exciting electrons to a higher level, seen in the photoemission spectroscopy, only sees electrons move up in energy levels, not outside of the atom. Because one remains in the atom while the other removes it from the atom, the quantized frequencies from the first statement doesn't apply to ionization energies of the 2nd as the energy is used to ionize the electron and then transferred to kinetic energy, which isn't quantized.",False,True,False,True,True,True,False,False,False,,you do not express that only specific transitions can occur,Q2,6.0
6cc710ac-8c49-47fd-be4d-e81d8484d968,"416347: In each statement below (a-c), two observations are given which seem to contrast with each other. Using your knowledge of electron configurations, orbitals, Coulomb's law, and/or atomic and molecular structures, briefly explain why both of these observations are true, and how the two observations can be reconciled in each case. b) If light is used to excite an electron to a higher energy level in an atom, only certain frequencies of light can be absorbed. However, if it is used to eject an electron from the atom, any value above a minimum threshold frequency can be absorbed. This question can be answered reasonably in around 150 words or fewer.","The energy of an electron within an atom is quantized, meaning that it can only exist at certain energies. An electron will only absorb photons of light that will give it exactly enough energy to move to a higher energy level.Â  Since the frequency of a photon is proportional to the energy of that photon, this is why only certain frequencies of light can be absorbed. On the other hand, it is possible to eject or ionize an electron from an atom using light that has a frequency above a certain minimum threshold frequency as well. This is because ejection means bringing the electron's PE to at least 0. When an electron absorbs a photon of light with at least a minimum threshold frequency, it absorbs enough energy to not only bring its PE to 0 and thus overcome its coulombic attraction to the nucleus, but it will use the remaining energy as Kinetic energy. Since the ejection of an electron means that it leaves the coulombic pull of the nucleus, it is no longer restricted to only existing at certain energy levels or orbitals in the nucleus. Thus an electron will absorb any light that meets a minimum threshold frequency or minimum energy that will eject it from the atom.",True,False,True,False,True,True,False,False,False,,,Q2,7.0
7a10890a-9e2e-4eee-8734-6f24af1a57c8,"416347: In each statement below (a-c), two observations are given which seem to contrast with each other. Using your knowledge of electron configurations, orbitals, Coulomb's law, and/or atomic and molecular structures, briefly explain why both of these observations are true, and how the two observations can be reconciled in each case. b) If light is used to excite an electron to a higher energy level in an atom, only certain frequencies of light can be absorbed. However, if it is used to eject an electron from the atom, any value above a minimum threshold frequency can be absorbed. This question can be answered reasonably in around 150 words or fewer.","When light is used to excite an electron to a higher energy level in an atom, only certain frequencies of light can be absorbed because within an atom, electrons can only exist at certain energy levels. When light is used to eject an electron from the atom, any value above minimum threshold can be observed because the electron is no longer bound by the energy levels within an atom.Â ",False,True,False,False,False,False,False,False,False,,explanation is not developed sufficiently,Q2,2.0
6979f284-b206-40f6-b6b7-0475e34a8380,"416347: In each statement below (a-c), two observations are given which seem to contrast with each other. Using your knowledge of electron configurations, orbitals, Coulomb's law, and/or atomic and molecular structures, briefly explain why both of these observations are true, and how the two observations can be reconciled in each case. b) If light is used to excite an electron to a higher energy level in an atom, only certain frequencies of light can be absorbed. However, if it is used to eject an electron from the atom, any value above a minimum threshold frequency can be absorbed. This question can be answered reasonably in around 150 words or fewer.","When light is used to excite an electron to a higher energy level, certain frequencies of light are observed because it only went from one energy level to the other. The electron only traveled a certain distance when the light's energy was added to excite the electron, it only excited the electron, but wasn't enough energy to ionize the electron. When energy is added to eject an electron, it has to meet the minimum threshold energy for the electron to be ionized. The threshold frequency value allows only certain frequencies to ionize electrons because the energy added has to be enough to ionize the electrons from certain energy levels within the atom (ex. from the 1s, 2s, 2p, etc). This is why any frequency above the minimum threshold frequency can ionize an electron from the atom.",False,False,False,True,True,False,False,False,False,,does not specify that the energy transition requires a specific added energy,Q2,5.0
e3eee9a8-cfaf-4850-99f1-593929e6fb3c,"416347: In each statement below (a-c), two observations are given which seem to contrast with each other. Using your knowledge of electron configurations, orbitals, Coulomb's law, and/or atomic and molecular structures, briefly explain why both of these observations are true, and how the two observations can be reconciled in each case. b) If light is used to excite an electron to a higher energy level in an atom, only certain frequencies of light can be absorbed. However, if it is used to eject an electron from the atom, any value above a minimum threshold frequency can be absorbed. This question can be answered reasonably in around 150 words or fewer.","The fact that only certain frequencies of light can be absorbed is shown by the photoelectric effect. The photoelectric effect tells us that radiation energy is quantized. When a photon emits a certain frequency of light, this means that it is emitting a certain energy of light as well. Since radiation energy is quantized, this means that the atom must be losing a specific, quantized amount of energy. This is why in the photoemission spectrum, we can see that the atom can only occupy certain energy levels. If photons are used to eject an electron, any value above a minimum threshold can be absorbed because like the first observation suggests, light energy is quantized. Light energy has particle-like behavior, which is why there is a proportional relationship between Kinetic energy and frequency. If the photon has an energy below the threshold frequency, no electrons will be emitted.Â ",True,True,False,False,False,False,False,False,False,,,Q2,5.0
a77f4e66-0726-4a5c-9c07-86877dbcbbbc,"416347: In each statement below (a-c), two observations are given which seem to contrast with each other. Using your knowledge of electron configurations, orbitals, Coulomb's law, and/or atomic and molecular structures, briefly explain why both of these observations are true, and how the two observations can be reconciled in each case. b) If light is used to excite an electron to a higher energy level in an atom, only certain frequencies of light can be absorbed. However, if it is used to eject an electron from the atom, any value above a minimum threshold frequency can be absorbed. This question can be answered reasonably in around 150 words or fewer.","When light is used to excite an electron to a higher energy level in an atom, the electron will move to that higher energy state when it absorbs the exact frequency of light needed to move to the higher state. The electrons in an atom exist at specific, discrete energy levels according to their orbital and will absorb light at frequencies that allow them to reach the exact energy of the orbital they are moving to. In contrast, when light is used to excite an electron to eject it from the atom, the electron is not moving to a specific state of energy like an orbital. The electron will absorb any frequency of light because it just needs enough energy to overcome the attraction of the nucleus to be removed entirely from the atom into space.",False,True,True,False,True,False,False,False,False,,,Q2,6.0
134ede5a-5053-414a-bc8b-49d503726d32,"416347: In each statement below (a-c), two observations are given which seem to contrast with each other. Using your knowledge of electron configurations, orbitals, Coulomb's law, and/or atomic and molecular structures, briefly explain why both of these observations are true, and how the two observations can be reconciled in each case. b) If light is used to excite an electron to a higher energy level in an atom, only certain frequencies of light can be absorbed. However, if it is used to eject an electron from the atom, any value above a minimum threshold frequency can be absorbed. This question can be answered reasonably in around 150 words or fewer.","Only certain frequencies can be absorbed to excite electrons to higher energy levels in the atom because each shell within an atom corresponds to a specific energy level, so the electron has to absorb precisely that energy to be raised to that new level. Energy of light is directly related to its frequency, so likewise, only certain frequencies of light can be absorbed to raise electrons to these higher energy levels.Â 

Â 

Once an electron is removed from an atom, however, it does not have only these specific energy levels it can transition to - it simply leaves the atom, so it does not reside within the energy levels of an atom anymore. Thus, at any frequency above the minimum frequency required to remove the electron from the atom, the electron will still be removed, and the greater the energy absorbed is than the ionization energy, the more kinetic energy the electron will be left with.

Â 

The fact that when an electron is removed from an atom, it is not restricted to energy levels anymore is the why both of these observations are true.",True,True,False,True,True,True,False,False,False,,,Q2,7.0
f06e45c3-0a42-4ad6-938c-1a2cfe5f8a65,"416347: In each statement below (a-c), two observations are given which seem to contrast with each other. Using your knowledge of electron configurations, orbitals, Coulomb's law, and/or atomic and molecular structures, briefly explain why both of these observations are true, and how the two observations can be reconciled in each case. b) If light is used to excite an electron to a higher energy level in an atom, only certain frequencies of light can be absorbed. However, if it is used to eject an electron from the atom, any value above a minimum threshold frequency can be absorbed. This question can be answered reasonably in around 150 words or fewer.",,False,False,False,False,False,False,False,False,True,,,Q2,0.0
d903bc08-4f5e-4995-8925-1b0c5108fb24,"416347: In each statement below (a-c), two observations are given which seem to contrast with each other. Using your knowledge of electron configurations, orbitals, Coulomb's law, and/or atomic and molecular structures, briefly explain why both of these observations are true, and how the two observations can be reconciled in each case. b) If light is used to excite an electron to a higher energy level in an atom, only certain frequencies of light can be absorbed. However, if it is used to eject an electron from the atom, any value above a minimum threshold frequency can be absorbed. This question can be answered reasonably in around 150 words or fewer.","Light is quantized. This means that it behaves as both particle and wave. There are only fixed point that the electron is able to go to and can be absorbed. However, any value above the minimum threshold frequency can be absorbed. There is an initial gap but when its overcome, the energy is steady and this was seen in the experiments and is notated by the relationship between energy and threshold frequency.",False,True,False,False,False,False,False,False,False,,,Q2,2.0
099e3df9-ff50-43c4-843f-f0777fcb4ea0,"416347: In each statement below (a-c), two observations are given which seem to contrast with each other. Using your knowledge of electron configurations, orbitals, Coulomb's law, and/or atomic and molecular structures, briefly explain why both of these observations are true, and how the two observations can be reconciled in each case. b) If light is used to excite an electron to a higher energy level in an atom, only certain frequencies of light can be absorbed. However, if it is used to eject an electron from the atom, any value above a minimum threshold frequency can be absorbed. This question can be answered reasonably in around 150 words or fewer.","Only certain frequencies of light can be absorbed because only certain energy levels can be achieved. Energy levels for electrons are quantized meaning there are only certain locations an electron can be. Therefore, the electrons can only absorb certain frequencies of light to get them to the exact energy level they need to be at.

On the other hand, to an eject an electron it just needs to overcome the potential energy. Any leftover energy is just converted into kinetic energy of the ejected electron.Â  There is not quantized levels of kinetic energy that electrons must reach.",False,True,False,True,True,True,False,False,False,,,Q2,6.0
4b7207ef-491c-4ec6-b8b0-3d01774fc36f,"416347: In each statement below (a-c), two observations are given which seem to contrast with each other. Using your knowledge of electron configurations, orbitals, Coulomb's law, and/or atomic and molecular structures, briefly explain why both of these observations are true, and how the two observations can be reconciled in each case. b) If light is used to excite an electron to a higher energy level in an atom, only certain frequencies of light can be absorbed. However, if it is used to eject an electron from the atom, any value above a minimum threshold frequency can be absorbed. This question can be answered reasonably in around 150 words or fewer.","Light is inherently a quantized substance that comes in discrete packets, and within an atom, the electrons can only exist on explicit energy levels. Therefore, the light that is used to excite an electron must be of a specific frequency (and therefore a specific energy) in order to excite that electron to the exact level of a higher energy state. In the case of ejecting electrons completely, however, the only goal is to have enough energy to completely excite the electron until it breaks out of the attractive forces fo the atom and enters free space. Therefore, it is necessary for photons to have the ionization energy threshold at the very least in order to accomplish this, but any energy value greater than this will also work and merely be converted into kinetic energy of the electron once it has overcome its ionization energy.",True,True,True,False,True,True,False,False,False,,,Q2,6.0
ba244d41-ec7d-4feb-ba44-ab6bf6ef2981,"416347: In each statement below (a-c), two observations are given which seem to contrast with each other. Using your knowledge of electron configurations, orbitals, Coulomb's law, and/or atomic and molecular structures, briefly explain why both of these observations are true, and how the two observations can be reconciled in each case. b) If light is used to excite an electron to a higher energy level in an atom, only certain frequencies of light can be absorbed. However, if it is used to eject an electron from the atom, any value above a minimum threshold frequency can be absorbed. This question can be answered reasonably in around 150 words or fewer.","When light is used to excite an electron to a higher energy level in an atom, only certain frequencies of light can be absorbed. However, if it is used to eject an electron from the atom, any value above a minimum threshold frequency can be absorbed.

The first observation is true because electrons absorb only a certain frequency of light because electrons occupy distinct energy levels. Thus, since only certain energy levels are allowed, only certain transitions are possible and hence specific wavelengths are emitted. t takes a quantized amount of energy to be absorbed in order to excite an electron to a new energy level.

Â 

The second observation is true because as shown by the photoelectric effect, once we pass a minimum threshold frequency absorbed, any value above that can be absorbed.",False,True,True,False,False,False,False,False,False,,,Q2,5.0
24e63ed9-6eb5-4fd8-b526-eb49db10db88,"416347: In each statement below (a-c), two observations are given which seem to contrast with each other. Using your knowledge of electron configurations, orbitals, Coulomb's law, and/or atomic and molecular structures, briefly explain why both of these observations are true, and how the two observations can be reconciled in each case. b) If light is used to excite an electron to a higher energy level in an atom, only certain frequencies of light can be absorbed. However, if it is used to eject an electron from the atom, any value above a minimum threshold frequency can be absorbed. This question can be answered reasonably in around 150 words or fewer.","The reason that if light is used to excite an electron to a higher energy level in an atom that only certain frequencies are accepted is that only certain transitions in energy can occur in the atom. The energy levels in an atom are quantized values, and thus, electrons will experience these same numerical values for changes in energy in an atom whether they are being excited, or whether then are relaxing from an excited position back to their ground state, this is due to the fact that they are moving between specific energy levels. They only can do so in the specific values of energy associated with that energy level, and thus only certain frequencies of light can be absorbed.Â 

That being said, if light is used to eject an electron fromÂ  the atom, any value above a minimum threshold frequency can be absorbed because the energy from the light then becomes kinetic energy for the electron. Firstly, the energy from the light is put into actually ejecting the electron (i.e. ionization energy), but after the electron reaches a potential energy of zero and is ejected from the atom, the surplus energy absorbed from the light is transferred to kinetic energy of the electron, thus explaining why any frequency over the minimum threshold frequency (i.e. the energy required to emit the electron) can be absorbed. Furthermore this is evidenced by the fact that after this threshold frequency, we see kinetic energy increasing with a constant slope as frequency increases when we plot frequency of light versus the resultant kinetic energy of the electron and this is because after the threshold, the additional energy absorbed becomes kinetic energy.Â ",False,True,False,True,True,True,False,False,False,,,Q2,6.0
74ff67e4-6feb-4b34-b02e-c11ccadfa7f0,"416347: In each statement below (a-c), two observations are given which seem to contrast with each other. Using your knowledge of electron configurations, orbitals, Coulomb's law, and/or atomic and molecular structures, briefly explain why both of these observations are true, and how the two observations can be reconciled in each case. b) If light is used to excite an electron to a higher energy level in an atom, only certain frequencies of light can be absorbed. However, if it is used to eject an electron from the atom, any value above a minimum threshold frequency can be absorbed. This question can be answered reasonably in around 150 words or fewer.","Electron exhibit the particle property of being quantized. This means that they only an exact frequency can be used to cause their excitement to a given energy level. This confinement energy is restricts the amount of energy it can absorb, or else it will go to a different energy level or be ejected.Â  However, if an electron is ejected from an atom with the threshold energy it will useÂ  the specific amount of energy to ionize, then exhibit the excess energy in the form of kinetic energy once it is beyond the confines of orbitals.",False,False,False,True,True,True,False,False,False,,,Q2,5.0
93c25114-9e25-442b-aa4b-60609bc11b0a,"416347: In each statement below (a-c), two observations are given which seem to contrast with each other. Using your knowledge of electron configurations, orbitals, Coulomb's law, and/or atomic and molecular structures, briefly explain why both of these observations are true, and how the two observations can be reconciled in each case. b) If light is used to excite an electron to a higher energy level in an atom, only certain frequencies of light can be absorbed. However, if it is used to eject an electron from the atom, any value above a minimum threshold frequency can be absorbed. This question can be answered reasonably in around 150 words or fewer.","Only certain frequencies of light can be absorbed to excite electrons because electrons can only exist on certain shells within atoms. If electrons could exist everywhere in the atom, then all frequencies of light could be absorbed. However, the quantization of energy levels prevents continuous absorption: excited electrons will move up to higher, quantized energy levels. Excited electrons are not ejected from the atom. When an electron is ejected, its potential energy (from Coulomb's Law) reaches zero, which showcases that the nucleus is no longer attracting the electron, and the electron is ionized. Once the threshold frequency is reached, the electron is ionized. The atom can absorb any value above the minimum threshold frequency because this frequency completely removes the electron from the atom (the electron will not remain constrained to quantized energy levels). Increasing the frequency above the threshold frequency will result in more electrons being removed from the atom (threshold frequency is minimum energy required to ionize electrons, so frequency can be greater than threshold frequency).",False,True,False,True,True,False,True,False,False,,,Q2,7.0
f2f0d935-8c6b-42d8-bb07-327f27c0c4e6,"416347: In each statement below (a-c), two observations are given which seem to contrast with each other. Using your knowledge of electron configurations, orbitals, Coulomb's law, and/or atomic and molecular structures, briefly explain why both of these observations are true, and how the two observations can be reconciled in each case. b) If light is used to excite an electron to a higher energy level in an atom, only certain frequencies of light can be absorbed. However, if it is used to eject an electron from the atom, any value above a minimum threshold frequency can be absorbed. This question can be answered reasonably in around 150 words or fewer.","In order to excite an electron to a higher energy level in an atom, the frequency must relate to the change in energy between two shells (the one the electron was excited from and the one the electron ended up in). If the frequency is above or below this value, it will not excite the electron. In order to eject an electron from the atom, it must absorb an energy greater than its ionization energy. Because the frequency of light is related to energy (proved by the photoelectric effect), as long as the frequency absorbed is high enough, it will absorb a high enough energy to eject the electron. These two statements can be reconciled because they are referring to two different processes: exciting an electron and ionizing an electron.",True,False,False,True,True,False,False,False,False,,,Q2,6.0
03267d44-9361-4a78-a58c-1c2fd0dc4384,"416347: In each statement below (a-c), two observations are given which seem to contrast with each other. Using your knowledge of electron configurations, orbitals, Coulomb's law, and/or atomic and molecular structures, briefly explain why both of these observations are true, and how the two observations can be reconciled in each case. b) If light is used to excite an electron to a higher energy level in an atom, only certain frequencies of light can be absorbed. However, if it is used to eject an electron from the atom, any value above a minimum threshold frequency can be absorbed. This question can be answered reasonably in around 150 words or fewer.","The reasoning for that is due to the fact that electrons of certain frequencies can only be absorbed due to the fact that they are the last of their shell. The need enough kinetic energy to reach this threshold energy and until they do, the electrons themselves cannot be emitted. Until the electrons reach this threshold frequency, the other frequencies that are greater cannot be measured.",False,False,False,False,False,False,False,True,False,,,Q2,1.0
748fd48d-b70a-42bc-8013-ccf2843170b0,"416347: In each statement below (a-c), two observations are given which seem to contrast with each other. Using your knowledge of electron configurations, orbitals, Coulomb's law, and/or atomic and molecular structures, briefly explain why both of these observations are true, and how the two observations can be reconciled in each case. b) If light is used to excite an electron to a higher energy level in an atom, only certain frequencies of light can be absorbed. However, if it is used to eject an electron from the atom, any value above a minimum threshold frequency can be absorbed. This question can be answered reasonably in around 150 words or fewer.","Only certain frequencies of light can be absorbed due to the fact that energy levels are quantized. Because of this, the emitted frequency corresponds to a specific energy level. An atom emits radiation of a specific frequency, and since this radiation is also quantized, this means that this corresponds to specific energy losses that are permitted by the atom. And because only certain frequencies are emitted, this means that specific energy losses are allowed and only certain energies are available to the atom. The reason any value above a minimum threshold frequency can be absorbed when an electron is ejected is due to the fact that when an electron is ionized, any leftover energy is absorbed as kinetic energy, per the law of conservation of energy (E = IE + KE). Depending on which electron is ionized, the kinetic energy is different.",False,True,False,False,True,True,False,False,False,,,Q2,5.0
b8bd8422-a1dc-4421-b530-11157b796a00,"416347: In each statement below (a-c), two observations are given which seem to contrast with each other. Using your knowledge of electron configurations, orbitals, Coulomb's law, and/or atomic and molecular structures, briefly explain why both of these observations are true, and how the two observations can be reconciled in each case. b) If light is used to excite an electron to a higher energy level in an atom, only certain frequencies of light can be absorbed. However, if it is used to eject an electron from the atom, any value above a minimum threshold frequency can be absorbed. This question can be answered reasonably in around 150 words or fewer.","The first statement is true; in order to move from one energy level to a next, only certain energy transition and frequencies of light are allowed. This is because the energy of an electron is like a step as opposed to a ramp, so the energy can't be changed by any amount. However, the second statement is also true; to eject an electron from an atom, any value above the minimum frequency required to eject that electron is possible. The reason for this is that when an input of energy via light is used to eject an electron, the electron is now in free space, and the leftover energy is imparted as kinetic energy into the electron. Therefore, it doesn't matter what value of energy is used as long as it meets the threshold that is required to take the electron from the atom and displace it into free space, since all of the leftover energy is kinetic energy anyways.Â ",False,True,False,True,True,False,False,False,False,,,Q2,6.0
b74a250a-8e5e-45f7-800c-ce0cb3210825,"416347: In each statement below (a-c), two observations are given which seem to contrast with each other. Using your knowledge of electron configurations, orbitals, Coulomb's law, and/or atomic and molecular structures, briefly explain why both of these observations are true, and how the two observations can be reconciled in each case. b) If light is used to excite an electron to a higher energy level in an atom, only certain frequencies of light can be absorbed. However, if it is used to eject an electron from the atom, any value above a minimum threshold frequency can be absorbed. This question can be answered reasonably in around 150 words or fewer.","Only certain frequencies of light can be absorbed by electrons because energy levels are quanitzed. As seen from the atomic shell model, electrons cannot exist anywhere around the nucleus. They must exist at certain energies, and we call these specific energy levels ""shells"". In order to reach a specific energy, the electron must absorb the correct frequency of light (frequency can be directly related to energy through the equation E = hv) and no other frequency. Any other frequency would not give the electron the specific amount of energy needed to reach the shell.

However, the scenario is different when trying to eject an electron. In order to eject an electron, the electron must absorb enough energy to make the potential energy of that electron 0, thus removing the electron. If an electron is being ejected, it does not matter how much extra energy is provided, once the energy added is sufficient to ionize, the electron can be ejected.Â ",True,True,False,True,True,False,False,False,False,,,Q2,7.0
773921f8-543c-4d34-a8c4-7d6ee05ede2e,"416347: In each statement below (a-c), two observations are given which seem to contrast with each other. Using your knowledge of electron configurations, orbitals, Coulomb's law, and/or atomic and molecular structures, briefly explain why both of these observations are true, and how the two observations can be reconciled in each case. b) If light is used to excite an electron to a higher energy level in an atom, only certain frequencies of light can be absorbed. However, if it is used to eject an electron from the atom, any value above a minimum threshold frequency can be absorbed. This question can be answered reasonably in around 150 words or fewer.","Light can only be absorbed at certain frequencies to excite an electron to a higher energy level because electrons in atoms can only exist in discrete energy levels within the atom.Â  In this case, the electron is not provided with enough energy to be ionized. Electrons in atoms are restricted to energy levels because light is quantized, allowing for only certain energies (which is directly proportional to frequency) of light to be absorbed and emitted; as such, because the electron can be excited to only certain energy levels within the atom and light is quantized, it can only absorb certain frequencies of light lower than the threshold frequency.Â Â 

However, when ejecting an electron, enough energy is provided so that the electron no longer is bound to the energy levels of the electrons that exist within atoms; enough energy is provided so that the electron is ionized and ejected into free space, allowing it to absorb any frequency of light greater than the threshold frequency.",True,True,False,True,True,False,True,False,False,,did not specify that the energy added by light must be equal to the energy difference,Q2,6.0
c12b1209-feff-4d73-be47-dbb545e8ba1b,"416347: In each statement below (a-c), two observations are given which seem to contrast with each other. Using your knowledge of electron configurations, orbitals, Coulomb's law, and/or atomic and molecular structures, briefly explain why both of these observations are true, and how the two observations can be reconciled in each case. b) If light is used to excite an electron to a higher energy level in an atom, only certain frequencies of light can be absorbed. However, if it is used to eject an electron from the atom, any value above a minimum threshold frequency can be absorbed. This question can be answered reasonably in around 150 words or fewer.",Electrons can only jump to certain levels,False,True,False,False,False,False,False,False,False,,,Q2,1.0
0d99e3c1-84f8-4127-90df-112b60e04fcd,"416347: In each statement below (a-c), two observations are given which seem to contrast with each other. Using your knowledge of electron configurations, orbitals, Coulomb's law, and/or atomic and molecular structures, briefly explain why both of these observations are true, and how the two observations can be reconciled in each case. b) If light is used to excite an electron to a higher energy level in an atom, only certain frequencies of light can be absorbed. However, if it is used to eject an electron from the atom, any value above a minimum threshold frequency can be absorbed. This question can be answered reasonably in around 150 words or fewer.","When light is used to excite an electron, only certain frequencies of light can be absorbed. This is true. Only certain frequencies of light will be emitted from these atoms as well. Each frequency corresponds to a different change in energy. This tells us that electrons are only able to exist at certain energy levels.Â 

When used in the photoelectric effect, we notice that the frequency of a photon is proportional to its energy. Since ionization energy is a threshold value ( a minimum), once the frequency is enough that is meets the Â that value, an electron can be ionized.Â 

The difference is that in electron emission, energy levels correspond to specific frequencies and not base values.Â ",True,True,True,False,True,False,False,False,False,,,Q2,5.0
a068db7d-6013-4d2d-8ff0-eb6700954f61,"416347: In each statement below (a-c), two observations are given which seem to contrast with each other. Using your knowledge of electron configurations, orbitals, Coulomb's law, and/or atomic and molecular structures, briefly explain why both of these observations are true, and how the two observations can be reconciled in each case. b) If light is used to excite an electron to a higher energy level in an atom, only certain frequencies of light can be absorbed. However, if it is used to eject an electron from the atom, any value above a minimum threshold frequency can be absorbed. This question can be answered reasonably in around 150 words or fewer.","The difference between the two statements relies in the difference between photoabsorption spectroscopy and the photoelectric effect. The first statement, which describes photoabsorption spectroscopy only allows certain frequencies of light to be absorbed because the electrons are not being ionized or removed from the atom but rather transferred to higher energy levels. Because of this, only certain frequencies may be allowed because electrons in an atom are restricted to certain orbitals in its movement. For example, if electrons moved around an atom freely within any space, the photoabsorption spectra for elements would be completely dark, as the frequencies of all light would be able to be absorbed and light would be undetected in the spectrum. However, ejection of an electron is the complete removal of an electron from the atom. In an analogy with a wall and a wrecking ball, any amount of wrecking balls would still bring down a singular wall. It merely needs to take enough force or energy (or, in the case of an electron, frequency) to knock down the wall (to overcome the threshold for the necessary amount of energy to remove an electron).",False,True,True,False,True,False,False,False,False,,,Q2,7.0
91fe44bf-3b02-4f4d-82b6-8968c120a895,"416347: In each statement below (a-c), two observations are given which seem to contrast with each other. Using your knowledge of electron configurations, orbitals, Coulomb's law, and/or atomic and molecular structures, briefly explain why both of these observations are true, and how the two observations can be reconciled in each case. b) If light is used to excite an electron to a higher energy level in an atom, only certain frequencies of light can be absorbed. However, if it is used to eject an electron from the atom, any value above a minimum threshold frequency can be absorbed. This question can be answered reasonably in around 150 words or fewer.","These observations can be reconciled by this fact: the energy difference between two specific energy levels in an atom is very specific to that pairing of energy levels, and for any incident light to excite an electron to that higher energy level, the light must have a frequency that ensures that the energy of the incident light matches the energy difference required for an electron to make the jump to that higher energy level (in atoms in which there are multiple higher energy levels, there will be multiple specific frequencies that correspond to jumps to those higher energy levels). On the other hand, ejecting an electron is a lot less ""picky"", as you only need to eject an electron outside of an atom, not have it moved to a specific set of locations. An ejection anywhere outside of the atom will do the trick, and as such the incident light only needs to surpass the threshold frequency (it doesn't matter by how much it surpasses that threshold, as long as it does), so a much, much greater number of light frequencies can eject an electron compared to the number of light frequencies to excite electrons to a higher energy level.",False,True,True,False,True,False,False,False,False,,,Q2,7.0
9aea5b54-70d0-41a5-83a0-c8a658bfb384,"416347: In each statement below (a-c), two observations are given which seem to contrast with each other. Using your knowledge of electron configurations, orbitals, Coulomb's law, and/or atomic and molecular structures, briefly explain why both of these observations are true, and how the two observations can be reconciled in each case. b) If light is used to excite an electron to a higher energy level in an atom, only certain frequencies of light can be absorbed. However, if it is used to eject an electron from the atom, any value above a minimum threshold frequency can be absorbed. This question can be answered reasonably in around 150 words or fewer.","The frequency of light is directly energy. However, there is a minimum threshold frequency that establishes that light is quantized. Since the radiation energy is quantized, we can conclude that it corresponds to a specific energy loss by the atom. Light is used to excite an electron to a higher energy level, as only certain frequencies can be absorbed. From the hydrogen atom, it is shown that different frequencies of light are emitted, thus showing that electrons can only exist in certain energy levels. The minimum frequency corresponds to a minimum energy required to eject an electron. That means by increasing frequency of radiation, there will be an increase the energy of the radiation as needed for electron ejection. Hence, any value above a minimum threshold frequency can be absorbed.",True,False,False,False,True,False,True,False,False,,"In both situations described, there is no energy loss. Instead, there is energy input",Q2,5.0
9c07e012-6eb8-4a49-ae65-85dffa1a4fb9,"416347: In each statement below (a-c), two observations are given which seem to contrast with each other. Using your knowledge of electron configurations, orbitals, Coulomb's law, and/or atomic and molecular structures, briefly explain why both of these observations are true, and how the two observations can be reconciled in each case. b) If light is used to excite an electron to a higher energy level in an atom, only certain frequencies of light can be absorbed. However, if it is used to eject an electron from the atom, any value above a minimum threshold frequency can be absorbed. This question can be answered reasonably in around 150 words or fewer.","Only certain frequencies of light can be absorbed to excite an electron to a higher energy level because light is quantized, thus only specific amounts of energy at a certain frequencies in order to excite an electron to a higher energy level. However, as soon as light has met the minimum threshold frequency, it can be absorbed to eject an electron since the frequency of the light is proportional to the kinetic energy of the electron, thus the more frequency of the light above the minimum threshold frequency, the more energy that the electron gets in order to be ejected.",False,False,False,False,True,True,False,False,False,,"frequency is not proportional to KE, but rather the energy of light",Q2,5.0
c9f19d62-f8e2-4b34-912e-ed1454bca6ec,"416347: In each statement below (a-c), two observations are given which seem to contrast with each other. Using your knowledge of electron configurations, orbitals, Coulomb's law, and/or atomic and molecular structures, briefly explain why both of these observations are true, and how the two observations can be reconciled in each case. b) If light is used to excite an electron to a higher energy level in an atom, only certain frequencies of light can be absorbed. However, if it is used to eject an electron from the atom, any value above a minimum threshold frequency can be absorbed. This question can be answered reasonably in around 150 words or fewer.","The fact that only certain frequencies of light can be absorbed in order to eject an electron to a higher energy level suggests that electrons only exist in certain energy levels or electron shells. Once removed from the electron (ie. absorb light at or above its minimum threshold frequency), however, electrons can exist at any energy level as they are no longer bound or affected by the positively charged nucleus of the atom they were once apart of.Â ",False,True,False,False,True,False,False,False,False,,,Q2,6.0
8b0247b4-00f8-4142-a96d-3dd009748eaa,"416347: In each statement below (a-c), two observations are given which seem to contrast with each other. Using your knowledge of electron configurations, orbitals, Coulomb's law, and/or atomic and molecular structures, briefly explain why both of these observations are true, and how the two observations can be reconciled in each case. b) If light is used to excite an electron to a higher energy level in an atom, only certain frequencies of light can be absorbed. However, if it is used to eject an electron from the atom, any value above a minimum threshold frequency can be absorbed. This question can be answered reasonably in around 150 words or fewer.","Any frequency value above the threshold can eject an electronÂ  because any ""excess"" energy in the light absorbed can be converted into the Kinetic energy of the ejected electron, since we know the total energy of the light = the initial IE + the resulting Kinetic Energy. This is not true for an electron being excited to a higher energy level within an atom because there are specific energy values of each energy level, and specific values for energy or frequency are required to move an electron from 1 level to another. Electrons can't be between 2 energy levels, there's no such thing as a ""2.5"" energy level; so to move either fully up an energy level or fully down, a specific frequency is required.",False,True,False,True,True,True,False,False,False,,you do not specify that this exact frequency is due to the difference in energy levels being quantized,Q2,7.0
a501acc0-1cf8-4ce2-8d27-b7e90c3b8697,"416347: In each statement below (a-c), two observations are given which seem to contrast with each other. Using your knowledge of electron configurations, orbitals, Coulomb's law, and/or atomic and molecular structures, briefly explain why both of these observations are true, and how the two observations can be reconciled in each case. b) If light is used to excite an electron to a higher energy level in an atom, only certain frequencies of light can be absorbed. However, if it is used to eject an electron from the atom, any value above a minimum threshold frequency can be absorbed. This question can be answered reasonably in around 150 words or fewer.","In order to move into different energy levels, only certain frequencies can be provided to make sure it moves to the correct energy level. However, when you are ejecting an electron, once you pass the threshold frequency that is keeping it as a part of the atom, any frequency can be used, the only difference being that the excess energy over the threshold usually goes toward kinetic energy, making the electron move faster with higher frequencies.Â ",False,False,False,False,False,True,False,False,False,,sentence 1: explanation is not developed sufficiently,Q2,5.0
3162abd2-99ce-41b5-a7da-10a5f7aa0bfe,"416347: In each statement below (a-c), two observations are given which seem to contrast with each other. Using your knowledge of electron configurations, orbitals, Coulomb's law, and/or atomic and molecular structures, briefly explain why both of these observations are true, and how the two observations can be reconciled in each case. b) If light is used to excite an electron to a higher energy level in an atom, only certain frequencies of light can be absorbed. However, if it is used to eject an electron from the atom, any value above a minimum threshold frequency can be absorbed. This question can be answered reasonably in around 150 words or fewer.","Electrons can only undergo certain energy transitions as noted in photoemission spectra. Hence, only certain frequencies -- which correspond to certain energies (E=hv) -- can be absorbed by an electron for it to undergo one of the specific transitions possible. However, in ejecting an electron, the electron uses the amount of energy needed to ionize it (which corresponds with threshold frequency) and then the remain energy can be converted to the kinetic energy of the electron as it isÂ  being ejected from the electron. So while the first refers to specific energy transitions an electron can undergo (hence cannot absorb simply any amount of energy), the second refers to the ionizationÂ  of an electron whose energy input can be unlimited because the electron isn't confined to an energy transition (or shell transition on the Bohr model) but rather is able to convert how much ever energy is remaining after ionization to kinetic energy.",True,False,True,False,True,True,False,False,False,,,Q2,6.0
1989a9b7-e3e2-4ee4-81e4-7180452b0f13,"416347: In each statement below (a-c), two observations are given which seem to contrast with each other. Using your knowledge of electron configurations, orbitals, Coulomb's law, and/or atomic and molecular structures, briefly explain why both of these observations are true, and how the two observations can be reconciled in each case. b) If light is used to excite an electron to a higher energy level in an atom, only certain frequencies of light can be absorbed. However, if it is used to eject an electron from the atom, any value above a minimum threshold frequency can be absorbed. This question can be answered reasonably in around 150 words or fewer.","Light is in little energy packets called photons, which are quantized, and the frequency of light is directly related to the energy of light, meaning only certain energies of light can be absorbed to excite an electron to a higher energy level is a valid statement. This is because for the electrons to get excited and move to a higher energy level they need a specific energy to be absorbed to push them further away from the pull of the nucleus. However, for an electron to be ejected from the atom the energy needed to be absorbed only needs to overcome the ionization energy for that electron, which means any energy above the minimum threshold ionization energy, or frequency, will work in ejecting the electron from the atom.Â ",True,True,False,True,True,False,False,False,False,,,Q2,5.0
cd7f0c10-196f-440e-a3db-c3805b38a665,"416347: In each statement below (a-c), two observations are given which seem to contrast with each other. Using your knowledge of electron configurations, orbitals, Coulomb's law, and/or atomic and molecular structures, briefly explain why both of these observations are true, and how the two observations can be reconciled in each case. b) If light is used to excite an electron to a higher energy level in an atom, only certain frequencies of light can be absorbed. However, if it is used to eject an electron from the atom, any value above a minimum threshold frequency can be absorbed. This question can be answered reasonably in around 150 words or fewer.","Ejecting an electron from an atom has to do with the Photoelectric Effect, which had experiments conducted by Einstein. Einstein examined the effects of frequency and brightness on kinetic energy and amouny of electrons or current. As a result of his experiments, Einstein saw that electrons would be ejected only if they are exposed to a frequency above a certain threshold v>v0. This proved that light is acting in a quantized manner, and frequency is directly prop. to energy. As a result, we see that as light is quantized, we have to go above a minimum threshold frequency and any value would be absorbed.

Â 

When we are exciting electrons, only certain freq. of light can be abosrbed because the electrons are found in certain energy levels, which are called shells and subshells. As e-s are only found on those levels only certain freq. of light can be absorbed.",False,True,False,True,True,False,False,False,False,,,Q2,5.0
9617c4fd-8d26-44d5-a501-97b94f44b2db,"416347: In each statement below (a-c), two observations are given which seem to contrast with each other. Using your knowledge of electron configurations, orbitals, Coulomb's law, and/or atomic and molecular structures, briefly explain why both of these observations are true, and how the two observations can be reconciled in each case. b) If light is used to excite an electron to a higher energy level in an atom, only certain frequencies of light can be absorbed. However, if it is used to eject an electron from the atom, any value above a minimum threshold frequency can be absorbed. This question can be answered reasonably in around 150 words or fewer.","Only certain frequencies of light can be absorbed when exciting an electron to a higher energy level in an atom because the higher energy levels are at discrete distances from the nucleus based on Coulombic attraction, and the electron must satisfy that particular energy level to become a part of that shell. These shells are of different, discrete distances and have particular energies that correspond to the electron energy. On the other hand, ejecting an electron from an atom can be done using any frequency above the minimum threshold frequency because the remaining energy associated with this higher frequency is converted to kinetic energy for the electron once it has satisfied the ionization energy and is ejected from the atom.",False,True,False,True,True,True,False,False,False,,,Q2,7.0
2cd24b67-9160-4e01-b22d-888ada9f2aa1,"416347: In each statement below (a-c), two observations are given which seem to contrast with each other. Using your knowledge of electron configurations, orbitals, Coulomb's law, and/or atomic and molecular structures, briefly explain why both of these observations are true, and how the two observations can be reconciled in each case. b) If light is used to excite an electron to a higher energy level in an atom, only certain frequencies of light can be absorbed. However, if it is used to eject an electron from the atom, any value above a minimum threshold frequency can be absorbed. This question can be answered reasonably in around 150 words or fewer.","The energy required to excite an electron to a higher energy level in an atom is called the threshold frequency. The kinetic energy of an atom will only increase if the frequency is passed the threshold frequency. Because the energy levels within an atom are quantized, only certain values are possible. When an electron is ejected from the atom with kinetic energy, it passes the minimum threshold frequency and passes 0. Here, any value of kinetic energy can be observed because it has already passed the threshold frequency and the speed of light is not quantized.Â ",False,True,False,False,True,True,True,False,False,,"The threshold frequency is the energy required to ionize an electron from an atom, not the energy required to excite an electron to a higher energy level",Q2,2.0
af506b8e-dfc0-46c2-9180-889217a7c567,"416347: In each statement below (a-c), two observations are given which seem to contrast with each other. Using your knowledge of electron configurations, orbitals, Coulomb's law, and/or atomic and molecular structures, briefly explain why both of these observations are true, and how the two observations can be reconciled in each case. b) If light is used to excite an electron to a higher energy level in an atom, only certain frequencies of light can be absorbed. However, if it is used to eject an electron from the atom, any value above a minimum threshold frequency can be absorbed. This question can be answered reasonably in around 150 words or fewer.","Frequency of light is proportional to the energy of light.

Energy levels of electrons within an atom is quantized, meaning only certain energies are allowed. Therefore, only certain transfer of energies are allowed. To excited an electron to a higher energy level, the electron need to absorbed the exact energy different between the energy level it resides in and the energy level it jumps to. Therefore only certain frequencies of light can be absorbed.Â 

To eject an electron is to ionize it. The minimum energy it requires to remove an electron is to just bring the energy up to zero. All energies larger than the minimum ionization energy can eject an electron, since any left over energy can be transferred into kinetic energy of the electron. Therefore any value above a minimum threshold frequency can be absorbed.",True,True,True,False,True,True,False,False,False,,,Q2,7.0
1a9540cc-64c1-4458-bd6b-310e27dd0577,"416347: In each statement below (a-c), two observations are given which seem to contrast with each other. Using your knowledge of electron configurations, orbitals, Coulomb's law, and/or atomic and molecular structures, briefly explain why both of these observations are true, and how the two observations can be reconciled in each case. b) If light is used to excite an electron to a higher energy level in an atom, only certain frequencies of light can be absorbed. However, if it is used to eject an electron from the atom, any value above a minimum threshold frequency can be absorbed. This question can be answered reasonably in around 150 words or fewer.","Kinetic energy and frequency described the amount of energy needed to emit an electron from the atom once it surpasses the frequency threshold. When light Â  excites an electron to a higher energy level in the atom the energy with that atom is absorbed, the energy inputted does not need to surpass the atoms frequency because it it not trying to remove the electron completely from the atom to make it a free electron. The excited atom is moving up into a higher energy shell where the kinetic energy is lower because of the repelling electron near it. The minimum threshold must be surpassed because atom's frequency will only allow electron to be emitted if the energy surpassed the frequency. When the frequency of the atom is not surpassed no electron will be emitted, but the electron my move to a different shell.Â ",False,False,False,False,False,False,False,True,False,,,Q2,2.0
e146e645-6548-4032-953c-7a22210d39d0,"416347: In each statement below (a-c), two observations are given which seem to contrast with each other. Using your knowledge of electron configurations, orbitals, Coulomb's law, and/or atomic and molecular structures, briefly explain why both of these observations are true, and how the two observations can be reconciled in each case. b) If light is used to excite an electron to a higher energy level in an atom, only certain frequencies of light can be absorbed. However, if it is used to eject an electron from the atom, any value above a minimum threshold frequency can be absorbed. This question can be answered reasonably in around 150 words or fewer.","In an atom, electrons can only exist in certain energy levels and not in between. As a result, to move to a higher energy level, the frequency of light, which is proportional to the energy of the light, must be of a very specific value. Specifically, the energy of light absorbed must be equal to the difference in energy between the two energy levels the electron is moving between, otherwise the electron cannot transition and cannot absorb that photon. However, when removing an electron, we are completely overcoming the force of attraction between the electron and the nucleus, meaning we need a minimum value to overcome that force of attraction. If we are beyond that value, any addition energy will simply go into increasing the kinetic energy of the ejected electron, as shown by the photoelectric effect.",True,True,True,False,True,True,False,False,False,,Amazing job! ,Q2,7.0
f820a3ea-976a-4e66-bc1e-b00944a3fc12,"416347: In each statement below (a-c), two observations are given which seem to contrast with each other. Using your knowledge of electron configurations, orbitals, Coulomb's law, and/or atomic and molecular structures, briefly explain why both of these observations are true, and how the two observations can be reconciled in each case. b) If light is used to excite an electron to a higher energy level in an atom, only certain frequencies of light can be absorbed. However, if it is used to eject an electron from the atom, any value above a minimum threshold frequency can be absorbed. This question can be answered reasonably in around 150 words or fewer.","In an element, there are specific energy levels that the electron is able to occupy. Therefore, it cannot go anywhere between the energy levels and specific frequencies of light can be absorbed since the electron can only travel between discrete energy levels. On the other hand, electrons have a specific energy that keeps them bound to the element. The frequency of light is directly related to the kinetic energy of light and therefor any value above the threshold frequency can be absorbed because it provides enough energy to ionize the electron. Since it is no longer moving between discrete levels, it is able to absorb anything above the minimum threshold frequency since the electron is being removed from the element.Â ",True,True,True,False,True,False,True,False,False,,,Q2,5.0
42552590-50e1-4d59-ae4c-ce052bf054a1,"416347: In each statement below (a-c), two observations are given which seem to contrast with each other. Using your knowledge of electron configurations, orbitals, Coulomb's law, and/or atomic and molecular structures, briefly explain why both of these observations are true, and how the two observations can be reconciled in each case. b) If light is used to excite an electron to a higher energy level in an atom, only certain frequencies of light can be absorbed. However, if it is used to eject an electron from the atom, any value above a minimum threshold frequency can be absorbed. This question can be answered reasonably in around 150 words or fewer.","The energy levels of an electron are quantized, meaning its energy can only exist at distinct and discrete values. Likewise, the differences between these values (i.e., moving between them) are also discrete. However, to completely eject it means to remove it from the energy levels that are bound to that atom. Therefore, you only need to provide the minimum amount of force, and that electron is free from that atom.",False,True,False,True,True,False,False,False,False,,,Q2,2.0
9913a049-d9e2-483b-8fa1-11528ff94793,"416347: In each statement below (a-c), two observations are given which seem to contrast with each other. Using your knowledge of electron configurations, orbitals, Coulomb's law, and/or atomic and molecular structures, briefly explain why both of these observations are true, and how the two observations can be reconciled in each case. b) If light is used to excite an electron to a higher energy level in an atom, only certain frequencies of light can be absorbed. However, if it is used to eject an electron from the atom, any value above a minimum threshold frequency can be absorbed. This question can be answered reasonably in around 150 words or fewer.","Within an atom, electrons can only exist at certain ""states"" or energy levels. Only certain frequencies of light correspond to the transitions between these energy levels, and so only these frequencies can be absorbed. However, above a certain frequency, electrons are ionized from the atom, and once this happens, any additional energy is simply converted into additional kinetic energy for the electron. Higher frequency light above that threshold will simply result in a higher velocity for the ionized electron.",False,True,True,False,True,True,False,False,False,,,Q2,7.0
c65049f0-a5af-48b7-b16b-84a4c8ec8758,"416347: In each statement below (a-c), two observations are given which seem to contrast with each other. Using your knowledge of electron configurations, orbitals, Coulomb's law, and/or atomic and molecular structures, briefly explain why both of these observations are true, and how the two observations can be reconciled in each case. b) If light is used to excite an electron to a higher energy level in an atom, only certain frequencies of light can be absorbed. However, if it is used to eject an electron from the atom, any value above a minimum threshold frequency can be absorbed. This question can be answered reasonably in around 150 words or fewer.","Electrons operate in wave-particle duality as evidence by the standing wave theory and the double slit experiment. In order to excite an electron to higher frequency only certain frequencies can be absorbed because electrons can only exist at discrete energy levels in an electron, in other words the location and energy levels of electrons is restricted inside an electron. However when and electron is ejected it is no longer restricted to discrete energy levels as it is no longer behaving like a standing-wave.",False,True,False,False,False,False,False,False,False,,,Q2,4.0
efed073e-e575-467d-b4d4-bef6a057b9f9,"416347: In each statement below (a-c), two observations are given which seem to contrast with each other. Using your knowledge of electron configurations, orbitals, Coulomb's law, and/or atomic and molecular structures, briefly explain why both of these observations are true, and how the two observations can be reconciled in each case. b) If light is used to excite an electron to a higher energy level in an atom, only certain frequencies of light can be absorbed. However, if it is used to eject an electron from the atom, any value above a minimum threshold frequency can be absorbed. This question can be answered reasonably in around 150 words or fewer.","b) We know that atoms can only absorb specific amounts of energy because the photoemission spectra of atoms show specific wavelengths of light which correspond to specific energy level transitions in the atom, and electrons move from one specific energy level to a higher one when excited. Since energy depends on the frequency of light, this means that atoms can only absorb certain frequencies for its electrons to be excited. To eject an electron means to take it completely out of the atom, so this requires an amount of energy that is equal to or above the IE of the electron in order to overcome the nuclear charge of the atom and be in free space. As a result, any amount of energy above the IE would eject an electron from the atom, so any light with a frequency above the threshold frequency for the IE would eject the electron.",True,False,False,True,True,False,False,False,False,,,Q2,6.0
